Site	b1683a5960153d58100a5371215c0230	774ba321f0096ef5c988eec207bf8c1b	d72ea6b9cd47f596733ba1bffe6825f5	3d2a7e35bbcf8c1dffa7d4a1b476930f	6ca0d4a5bf9f086ed331b354050008f1	8b788247d0dc6d7b7a15edd434b2f412	a5a46f941d8e1ab09c1c5b9339ed5aa3	239a71c05a5470da82bc835fd46a264b	5d40deff8dd8df7e15f3df350335894d	fc060bc3056e2b24fb7d61df6cc7cc91	524a9b7df8fec0dc1f9a27595c7db2a3	62f363149262f1eff985c8464d19ebf7	2fb6ea991789fd51f864e9968d2fc0cb	730158aebbcb3eb5397eb8ed7f01c598	d2c15144924e16eefa01256d05028223	9543958c5fb9022c43f460d1d2212493	f40a0352a49879edc3581e6b72d7e029	a8911a86f12602a1008d0cd2304908c1	b74846a4b2711cefa025ea5ce2e3b925	a99a3f031a3080134b4e4e1655341c05	040ab56129607ae49eb93ddfa34478ac	cdb6ada2f6976d70a5de7fe400557e01	2b6b83bc4b857d8a2d3acb168b904366	ce6cd0cbfafdce745dbe3e2700009141	9efca9298ffa05ab2d49a55f672e6daa	f0e6ee9ec7c6f7f7fb5a637f89bc08f1	b109f26e3fac14e3bb1d21084c6aa2ae	e12c5bb4190cec6034216df295b63bfe	98af88f3564fb73c3478f75a06c9432c	cf362ad7ef475d1386b42b69f319f528	cbca1fc21141ed16842dce2032bb94a4	e96c03333204052de98fe487ac66e426	e58a75aa14a1278ea958d68a21161d72	0237f164c6f23ada626dc043530e58be	3732052cd3d60e072757b113bdbbf362	ca56e41a06012c7ceef0804fca34e9f4	d384b0a7c9fc8add98ae736b5ae239a5	5bbe0b28268edf12e6bdbca3fb223da3	4a957a4c7f00f4479c0accedce06c687	6e59990cc15443d9cda22a510ca3542b	f1f7c5414ecbecb00bdd9b56eb5d6353	55a27bfa2c4f9ae542ba376b52f7a671	5b426e2663631cd9a0696c57f5459078	28a09c1ad2e02d862bcb617fc93a9a0f	8d67c00f5f4fdf6444b670cef5569d86	cae0303bc784f598ab40433de06b1465	dd7904afd9381a2ebca3be1a9bbf89a7	4cada2a6c7f901252e19bf24fab04d01	4a3e19e8c0be519e8cf5cf89fd10c145	13652e1ba7d325a2b9b480993db846b6	8ee58d599bce8a9d3fd6899ecb941489	dad8fc959274b22e61095ccabec2a0eb	144584647e8a458a0ec471bfa0f72fef	379db1a541fbbf9c1afb38314514c40b	0814ed311a8eee2e0b9aadf0bd7bffd5	8d3aadee7acc710edc7b0a98727db1b4	d343b353ba373a0e9a0523c0edb62828	5cadf6e8aa308574d957ac359d4fe958	58c07fdbf3bb3f184417ce562dee777b	9b7e55b321134e4f4cd22316ff3d694c	87bebde65385b25eeb5bf58d43f4a259	07cf99983471b7849010b964155a0b00	1c9f3e0e4a7e2be0dddeaa22c791cd23	cf466d9d5a047d399396cd51619869ee	7b8645d6badf88bc78cdbf551b1fe641	768412beb4da00fa90bbcaa4df0c48d5	9854c20977f9b82da67625792bca5422	0fde87674753be193626937e43ae64a7	5bde20478a5eb866eff18dffb352e4b1	e98f9ff3a695defac6b8cccb6e2d95cd	3051f76ff23a0eb73322c27c84cb2667	6b0db70f2f40cc6a178f8cbab8070270	3391c2df3c78353dcf6d52f08f217b03	4de3e7f44010bff09438bbf861081625	f746aa1ba50626113a9b0ed30213f19b	db49845d0883bb2b4733277aac8327f0	963d0ff7735dc1eadaecabe48ae837db	326adba5c8aa57cc6aa7ec723baefff3	e34ab4a3a3230b40c4af7c2bb761e06d	397320d4189e90b940f97e9d3683ebc1	543d8e8af473566107307f1039fcd494	907bc3ead08d1872cc93c6466532445d	8b8c996dcce198f0bec76820aa898004	ad60010b0c276fb0f738c34ca5016e0d	079b1d25d939a789f5f09fe9ca1f231f	3bf02e459ee6aaa89a4f1382aa15bdaf	27e1fa94d7213208bda8058f4f3d1dd6	13c45f342353fcb6f442a849694214c3	1cdd7e0c1d74a72fcc0c7bd78e7b830c	8d3b8df892710569c245a275518ca737	b4ac3fe3fa04cf91235e6b18928a0a0e	ed8651005dd8529ef0bdb1c4d5072636	82f7f69c2b9f241847f3824e5d8f39dc	480dd634edf0138ff3c7fc8b359f3707	4463645168bf213a2cf150b5a59ab123	9f4aafdcad0be8851ee8fb5836bd3800	de71679099d4759cbc011920dd6db5f4	788a57cbdde2237b9412d2fb5d80d27a	b231d94e09a7613788a431f5bc00bea2	906f80e57b88276971a36c2016d3ef15	f8f1c3d64e063d9e392662dc4c3c5918	fec2508d11571bb1eb26bcb926a86d96	f0cb0030f4b275bdbacc4fe96885aad3	862d4e318c57e75ff2d98f630124a2c5	4e8ebde90ae417bbfb9bab7af936a34a	d543f1d3a57859f7633c9f693185a737	85ff06c4bf4954b5340bdc9cfeca22df	e1231fe0d2b8b78f47d1bd4373b04dd5	e181025d20202dd45167a0c15ac5918f	19d56545609f238377b68f603f6e8e98	eb62e21c7df0dbb37b414fafe4df5816	c2f2e81ac4eb0e9b95d11959da5cfa48	ed3d00b97777a445cb4796a092c04229	ed30c514be49e493ad32a091c984f001	42e73dbfe4975a8473c2bc29f2e1286d	c91e26dc625cd11e490379532972d8b2	bc5721bfee251055d7e4b2c5a1c6cd01	1efd454f86ecebf8418b0b3a81dd195b	120253b2761f95665fb65a6532c899f5	fbc3bf5512530890f8e546eef674ed45	107999a3cb27e023742e90e83a2f3cd8	d738c9e0eca2ad9313cbfb9c29f58217	8e0c4fe33f905cb2a7d9d58a823596e4	6e9efa1ef81b95d6b6853aa0af45eac2	e2c4110762de9457e1dbcad9abdc16b8	f08ed60b7089c4d7a37a3fbfe9e9701e	2289c33a129fda4853da70065bce8543	a0ea80f68067ff3513d51b75cf769779	c960420bbed203ca81946253f242b6d1	1641f3dc0a0b8b88618d6ae3f801fef9	b318f00957711bc95ebf81f4ab427f1f	c93968e43143aa03cd871d37c200053c	c6a8bb7f56b42ade3d7b17821aa4fc87	faf49c8f0f1c6bc11e52555dd1676029	c094306949b08ab49b10f920bb99769a	ccff75926f9c2c07c469c8523fe96191	03633f230269975029ff35bbfdb50e3c	c37b8c53f72e8efa394edba537f256cc	80f68c5e541a5bfd0875909f977c4258	108cb88bc9d6ec7aa025c826ced6af58	c28d60b33ab9d06f7814924c18b15313	bbf84fe0e9e03fb40ac5d56c5ac746ef	50e3a4b9225a8d51df4e6459d68e32e9	902b0b8d35644622045788c8eb1835d3	2906f25548fe90facea166d81581aeaf	28c646af8e34e23f6eb951edfdb31801	24e3a3e1bf5a2b0e0fef69c645fd27ac	33f94b012f71b1d0128a4c0b8a6e1ddb	37e098c2516acabd88c47bc7e523b406	9edd7b35368b262dec3f35fc5bf256ee	1a84bd1efb8ddd2416f94341d73c1835	79e4097bde1158be74c4755c0c01cdc6	2ca7c96691bf69b7aa7ee41d1971f375	88702f7a4b73a4e3d955e18622dd38d1	0f01b0258e34c0416fe30e9cd8ce4475	bb0e5ebec5779303e169e682b87d12b4	86cde1d7dbcaa40e728650030a2c33e7	a1a854c9dd083fdb9297a31adaad86a2	843dfbb671db5ac44203646aa4c4c013	dd0c18f6922cff3aacf93c65effa0928	0c619d0c47b424c542a5076141771d2d	1e80f904d8be4f876bf9299df2487d92	ab687a1b6fb90dd7455f869316648be5	9cfbb1438cea7c038e0ea19412cc8a06	1d6b409a61c76ecda78b5eed0a2ff5c5	5cb33bf984f5ed3ab1bcdf0e3dface82	ecc5d926d6d249305c0110b487c15fdc	50e00504d06c579a2e8c72b26d5287df	dcc273ef63c31bbcb4692e641af15724	c04b88019bedb2f9160a7b9c86c69c8b	a9d16c474e895478ac2783b57f53674f	90d44765439939242c60274898b62a82	303ac12edcf45a84cc8f173c410c5886	0c9abeb1e97bb28f4bfecf468be1d7cf	938768f5672f24c8f33d8fb83248c891	982636ece87c3e70a065b872d0c4d550	90d4064c2821ed41632dae8193cdf1a0	2291a10e6d5d7526d113be2e8609da7c	9470e8faabfa67c25b804851ad99c942	976b2e16b8d3011bd8c96cd82d43edd4	b2895859d6557fd9e071326a63daa321	cfff8a43bf08752175a75c6234d8de5a	b11df2a1403844cfc847d534d0bfaeed	1e3f5e61c6f0acc40041a2b063c9f02c	02c4df46f7ecb7d11845240473874e8f	49b572b7fd6684a4de3c7937627e87bd	3c866e78fa928b605cd7a81e12e84857	3e93802a80406cf9248bc1a7bd91510b	ec3bb382705ba04c0ecdacf9c66ddaac	ded64dd844bd984a5872972a1703b9dd	5bb13de9d4dd579d9695535bbd439bab	a8cf63a49986812565fa5e2adbff43f5	262d46175284bd96236eca37dd9283e9	6f53f4da2ddab019ba132fa7f5eb33b0	bc8cbb98426ecca2be7358f284a69557	9efdf816a6cb77fd14ecf5075ab2c548	e970423c2d27418a5c8b97f65bf6c188	51ed1509eb32d8f2752f1e4cc5f084ab	dd70a2311a3e4aff1ad1af57b073ff75	e0286930ac2b7d604209061bbdf10663	13b72f7911f201fd26462c45dedfd954	85bde626f59ce8d97eaab1d953ef0121	5d79dcb2153d5fbe4005658d32c46d5e	a62ebbd867607a0cde6673eb2c808116	64f10135ca1a6ddc5ad0ebd7b4a89d27	3585f30b0ec10cd7e4817bae19960286	d1dc21e382b9b542aa36d87a28d814db	d7f2183a2312bb0dc9cd92a92a344e06	34b6042e4b5be58cf6ef68c9609bfddb	26ebdde62db152054e2a8f6315811f67	a99ecce9bb4cc34cc4d62b218005a2bd	8c8c9764e8ce6bf690d06fbe54c87a14	2cfd5dc8bbdda6d3c87e44f9dc6b2d09	895a6891012e048d63c520e8df2bd1ce	4b5788d0b5b7aa440eda5cb129919457	28438b71b4b3a94398a1ba66a97fe712	58b33a22e62d363ec199bf19e8ad2c91	401b430ea9f72a46b16d13f2c0b88d2d	36b465083256cbfefdb44506b7d94107	5fffe26d5369f0ab4705bc636aac5e3b	8f0d396ade0bea85d67a897fd7d9e77e	d0ba2a785ccc17c0032422fa1afb4654	075098894031ff0b9db781103fe07a07	1ac5e017c98eb240e8d1bd91a93996c5	fbbc40023adabc1185c8c2a15c42faaf	fc3598234c6af2f2f40d08d2138d114a	a013651bbe8ca9a919d701e088a5760a	e6ec2c23975f427b480560740075610c	f751227cbdff138bc745b5e64a467701	4882b64dff8de22b097724a2f65fecb2	2eab4665dadb8968dfc2e0a550aeb999	1d58135c6b4419406877690e054cade5	595a4f355e09200941617909ade1bc00	babe660d966b390ff34a55a55526319f	d3ec4c4042db6abd615b18c6e69b8e1e	6e25486349670a60b571157e70ac6f08	8aa84218b5f4d25e86757c9f1e156258	7e7cd5e4836909d0778eda6725be3090	7b29d85e499d5cf76e01d7de9b18ecf6	ab25f248132c06e9a17082e9c766e3fa	7c7161700cd1288c4ec58b91ed649e44	3a88171d2c8e87846aa374f407b37d1a	6e3f5cf3862ae450e97b134053391280	9713ddc16514f24b7e0483a5af488f52	34f429846fa8c7dabbffb1c6a3c34cf4	54f03387ec7037c5fce2468ba9d03bd1	6f6bd41feacbe7c8cb86bd6f107e75ad	b3d5e2c7cc19e58d286d7838f4b6e21c	eb04790ed702b7fd23bb0d4096dcfe47	d64d5f480f7848e534e0f29c06f9067a	05bc3465021bf8b61b2e88484b25622d	9fefe27766f68420f66cc81c07e86e8f	1e5f71a97aa7dbebd87a0c247cd952cb	fd659da60232e1d9ffef459c19368ea1	3270e44c4a0a75585bb4652062ed44b0	ba6ddbef0d1c4e53d75248d4bb673e42	988ef4a33f56748b02b0ed8cb4d20dfd	08bd1d028a89657b6a79eef558e417a8	eaf515d5503898b81e440ef2f6a9ccc4	ae5cdcd521c0d01b335063d1a09a6243	b00e7673296f634c7f521342b5fce455	f5dd03a16ec1b7e0ab4209d8eb10656c	9b41232cb26adc64f02899008453f14c	fd525f1fbbc2e0d27d3273d7da7af253	00be5f44b53fd23198a6e84709f792b1	416c705aa527112703a1c696bc029804	7c972e88ae892df92c4d308ba55f93fa	f1b40bc22f3d8019c5219eebb272f866	98e6718cd250cfa17c79b43a1a7d2b4c	1a96d7d69a6d93081936f8ddf2c69d84	bd6880436913d674d5858ea36345acca	9b3bf36ce89aaf12f9d81a7020edfdfd	f6a98d69f2f39b119fb3ecb20455bf1d	d0290de652d2ccd4f2d4aba60e763195	252a6453fe6ee34f7d3a435877b6f2c6	3ddfd6a6000d34929faeab19162ba2fb	e477fffb7e5ea01f18d8191f618e1896	5064e0cdf1436e3125e468e93732736c	bcd7b7d478c7285fe2f6d64cfb58c435	01ba621af80e284ab64ef92a93a49397	26808a5ac4cba5ba1c3e144589ee5646	14f0399b49c8ae144954ac6598cb340c	fc463ed3e6bd0e354ab91912a95e3ea3	6ebb0bb8d9641c04558b2f9e927f8785	1b83f0ef27858ecd843727e0b62f7d0f	cd650fe26f0cfb2bce3223c61396663b	b40f6d003a3d66ed4efc61fa90bc9e1b	da26e38b620ddc0571da0a1c10c19417	cf10bc14ecb74b5ac1531c8b21c6e61e	3ba297c61ca256ec83ee50ec81ed5811	05e1a4340cc14fda5edd3d1722cd7a9d	202547c6bdd4fa01419332d5c87774b3	25bf9b64c2549b446e75fe187c6010a7	2993af531b80049fa1ad9f87c3939b6a	bb0224bf44ce52c23edd2798b1cd2432	77704079f392968363980cc1d840002a	9e37a0fe973ec08bca5a40383a006551	479542c6d4f7c3686c3bd0261d3c7666	628dde6ff8616cba69c6045e5fd244cd	517110fb85e4afc253dfcd422a7fed0b	d128e143c1ee3bb3917f84ae04c71c72	723bbcd996c1448b2ff69be930e0ff29	8ce2ba23cfaade2bc919aa641350115e	c34f7f9bacb8ef7590cfc6080b6823e9	2a9148886ca8c526749e039f9062bb6b	e7288fad38034d6f58652f463e751082	f77024a50c03577fbede61affeedf666	222047cc04482515c28491985259252f	56a16bec48a1f1bd1076fe4b1671927a	2e15227cc7d9738e0bb6ad0b1acda0d3	e4a0fc332781836d3847b34764c9d254	45a8799eb619a618f3e7bf60eaadf8da	5d5150321d8c4a43f701be367b4694cf	3be0282dc4274fbb58af7ebfbca44f4b	621bac8460da6b31c5934da8b50ba925	ac2d2889b73171e8af67510d50171331	1a65d847f49b269cbbe6451b74a2ee34	412fd2ef8c4e6bd01791f6c3c2de7ff5	bb95cee8ca83be8517c039ac54a56e15	2880268c2f546e313ee18d7908f61e51	355b6d604ab729cb15059d07e5b6283f	924439b90719ad43bdaa9390b5f212b4	56b06377e504901d9c8655afd96d8ddf	5fe9eeae545a452d98d99fb9a2f7a85b	66386810e618c615a72dd9f17b27f8df	a6e9409db03aaa6064a183a2768324b5	69a2963babea926a552e671b7c901104	263c86d67a683c3d2159c319089edc1e	917227ccc466966ceba10b06d43e15ef	2a6a14569085a9e3bcdb5ec2ef779ecf	7bf1cf3c0cf56ff147ffc63438294f29	0f61e1020b2f4730ca2a4ac03c4a58ef	703fb2f7b50fb0c25d4739debe2ca1d5	807e5e321dd420d916d1dc270c3e1e4f	6dcce32467ed745d9179cc929453e1e7	5cdd5f61bf8bdb5ccdceb1298a62b7dd	8b03eb1e5be8029d190e85ee5c5f3aa4	3c02686041782cb806b67b9d8cf3f6be	19802b270111a84e8f28612e8488da10	ff54eacc664bb4ec90a2c6ff6aae0bdb	869c8c1f00b0964b2d736a27cb16c86e	20b03692a9312b6267b586817e2e4c42	d8aafc0c787dd54b020133fbbb816b6b	6adaffb97c9e0228e68b1cbba9e419c9	c26f69dfdf26e0d8e9507eb7f4f9035d	e2b8ce446ba5adaf03b57109691a7244	340d6e92ed08480db82efb2fea3e15f2	992ed4700c86215dfebbd008fd57f9ab	db53e7a0e3dc39490e32890c5d1c8bdf	f8129a76345c84230a4e96114b97c0ee	9bdf059164cefef627d9b87390dcc655	6c6e62972ed263024ce62e8a761815e5	9a9e7be5050b277d9cfc8f798e858e32	3d26c975222f269f8014084b4520bdbf	97e819de5988f50f82e751e52f446b7d	6307b3dde67ac7e2ddd929f680085721	595c39d71bad3b426aa285ceeb910c3c	4987977aa26432b8ac1b0aecd846febb	ce92a7d75b8b1d5ea7b5f85c8c4ea3d9	6f6d55a288ec5d9278b003319cbcb460	315df3daf510ae9960a55ae106872486	eb9101612dffc8282529678c728c3279	132516f2d5b974ea643e4b4fde46d7b4	eae19817a9ec7dcbf84147218a21f960	8764d2b03bdcc79a8824381da0c5e04c	583c149a8db4adc186efaa3572d0d583	42f815e744f9f78c0cc2fb56ddc945ed	7205c18826aac43b8d259c0c7cfddc55	9ee404b1083691cd6dc2925d518d8831	6306d407aa3bbe8ab8a6d6e962a1e479	582de3470aba22e03c17b73e16dfdddb	258126a55c36401faf02fcc30cf2cf36	de063459c293b8c6103c49d1beebe96d	34362017c57e725b730c475ef94a2f10	d84b86d5463c4efc2443e527f2ecc319	bd5757a7cfd4ff52b55b284dd7666923	54e893a423fd1e9ee4852b8bd909fc85	58e4e1feb1ff44f1455e431af3bbd7a5	d88d9f228eb9ce40e5112c5d2bbdbb55	9ffa787f7149572c67724df68812b769	f7edfdcddabe0b3356029b3a569f0012	7cfccd320f8fec145847a2b0955c2f4a	2e33a3392f38b16d8a6ccdc136b8e4e0	c358d89daf3e7ce9b1e60ad746653572	aad183a7fedad3ca58b1286a4018a7b0	9f10ed3dab05cd38e03f533f92ced3b8	6b414f1e479e068f0f250ca5020d122e	89ff11561c06a94b4f4620e7bb22fbd0	e0c043b4b1775196b1d4c79a3fda89be	769e439ec97ecb2d07cadc1675d078f6	da8bd75f0637c60e5cbe6baec41a5a63	e3d8edb2609e4f01052f7b0d0c23448e	2cfe0d99576b416c5101f78b8a8be6ee	abae182caf5fa87028d7a75d41b3ebdb	40230dff523d299e475fd9bb658b0b2a	abd236d163a2d5c70863ed5f45033668	62c2ae0b7ed58711b41c0881643e9374	c80770c5eed49f459dba3b3657cf0d21	f75f9df5c3d15be5c3ce1bbf36fa9071	11b72a301a45e6da8904b3dd97e6e3b8	2c7821a477c59a57b70b726a0444c98c	47b874d45a7464a88374c061ad631100	a75c389c5aa666517c4a506a7a0ff11d	27494f9e26e5eb4f1d78bd2c819b2b32	911033a66b739f77bfedb6a7be3802bf	0b3d20fcaf5e8a700021c4ba2a7cb757	1f813b738edadccd9ead2207ed959b22	e39fb07cd46053f5e6a2b93fa2f8cc12	387cd556d486e37a3c207997d2e5c7d1	bfd69b028c38a91152138f439465c2fd	4a47750b03c11fab71d51ecf4415ef1b	57f4306f045d1f49624585142c3567f3	6e84c94bec6229cedd0f3e4b82a1c5f3	d3a736aedb6c45447c6b20d3fff42be1	5d31dc0422aff4ade0a44a0913683f73	9ddf35bd82ac6ac2c2a52a87efb00695	afc841db154203802b2ea0e4d5f49908	02f664ad9761b0643ca1aebd302efb63	4db5f283ac8fd259d65092b0c6f58183	32767fda7a8bdc945af7e5fcdbf1fb24	c95244d6c75e5659fff3a0ba9dcd81ae	2d47f0a3cbbbb9aead126980e2a3b8e4	e4edd4ba3136235b26b280500f98c556	28a870ba43c3d5f3a1154d5e05195a52	d0d979023eb62db329a52b095dd67ba4	32fece5125158bee46936e0bacdb8377	3cdd9de0ed11c208f0894155cb9e5273	e7fe738e1e66dcf56fab19669280e0c6	a3e614cd30358564941e216549641174	756aa675ba5628573126d2a6231427fb	4d12972bc257108eb7ed9a2838ce807c	e7144a5dc0485255ca44f8f6b6b9b76c	4f1ded98248632456f0201dba1886069	db190df31da2b10d81ea16b6a6a2a172	bef624be895ccf10b51da82692a2115c	53a9f97369b10124c7c96832c9f4da07	0cf41d793970f824c7b312d05277d280	d471d45878df91aa3a20567b70d790cf
S01	48	12	935	100	832	0	0	391	71	841	124	320	65	631	80	413	0	355	258	264	0	165	204	0	56	287	0	222	119	116	0	164	0	0	307	0	0	0	432	39	0	83	31	108	155	0	43	0	33	0	72	132	0	0	0	52	249	62	0	148	89	82	43	96	0	117	0	0	31	61	68	0	24	0	82	0	91	0	0	95	0	0	57	109	0	0	0	0	0	0	0	112	0	23	68	0	67	0	99	0	267	190	0	0	0	47	114	109	0	165	45	0	0	150	74	0	83	0	0	0	45	0	0	0	0	0	0	0	0	0	85	0	0	16	19	0	0	0	0	30	0	57	127	24	49	42	0	46	86	0	14	0	0	0	0	0	16	0	0	36	32	0	0	0	7	0	0	16	0	0	0	0	0	0	5	0	0	26	13	0	36	29	0	93	0	0	0	0	35	46	26	41	0	18	0	0	0	54	0	92	0	0	0	20	0	0	0	0	0	0	0	0	0	0	0	0	0	27	0	0	0	0	36	40	14	0	0	0	30	0	0	22	0	22	0	13	0	0	0	25	0	0	0	0	0	0	0	0	0	15	0	0	0	0	15	0	0	0	0	0	0	31	0	0	15	0	0	0	0	0	10	16	0	0	0	0	0	0	0	0	0	20	0	22	0	0	0	0	0	0	0	0	0	58	0	0	0	0	0	0	0	0	0	0	5	0	0	0	0	0	0	0	0	0	0	0	0	0	0	0	0	0	35	0	0	0	0	0	0	27	0	0	0	0	0	0	0	0	0	0	0	0	0	0	0	0	0	0	0	0	0	0	0	0	0	27	0	13	0	0	0	0	0	0	0	0	0	0	5	0	0	0	0	0	7	0	0	0	0	0	0	0	0	0	0	0	0	0	0	0	0	0	0	0	0	0	12	0	0	0	0	0	0	0	0	0	0	0	0	0	0	0	0	0	0	0	10	0	3	0	0	0	0	0	0	0	0	0	0	0	0	0	0	0	0	0	0	0
S02	63	11	923	100	728	0	0	537	113	470	112	482	51	456	118	247	54	249	149	228	0	261	288	0	41	483	0	285	117	111	0	217	0	0	292	0	0	0	256	0	0	85	45	112	206	0	43	0	0	0	51	180	0	0	38	39	246	69	0	142	182	29	69	140	0	147	0	0	29	42	78	0	14	0	149	0	82	0	0	84	2	0	108	73	0	0	0	0	0	0	0	106	0	49	45	18	37	0	37	0	188	92	47	0	0	68	100	100	0	83	68	0	0	209	119	0	72	0	0	0	100	0	0	0	0	0	0	0	0	0	79	0	0	15	29	12	0	0	0	58	0	48	135	17	20	27	0	55	48	0	16	0	83	0	8	0	23	0	0	33	36	0	0	0	16	18	0	25	0	0	0	0	0	40	2	0	0	0	0	0	14	26	0	0	0	0	0	11	24	10	17	21	0	13	14	0	3	42	0	55	0	52	0	7	0	0	0	0	0	0	0	22	0	0	0	0	0	47	31	0	0	0	73	57	0	0	0	0	0	0	0	41	10	52	0	20	0	5	0	32	0	0	0	20	0	0	0	0	0	18	0	0	0	0	22	0	13	0	0	0	0	31	0	0	15	0	0	0	0	0	0	36	0	0	0	0	0	0	0	0	0	0	0	0	0	0	0	9	0	20	0	0	36	42	0	0	0	0	0	0	0	0	0	0	0	0	0	12	0	0	0	40	0	0	0	0	0	0	0	0	0	0	18	0	5	0	16	0	0	0	26	0	0	35	0	0	0	0	0	0	0	0	0	0	0	0	0	0	0	0	0	26	0	0	0	0	0	8	0	0	0	0	0	0	0	0	7	0	6	0	11	0	0	10	0	0	0	0	0	0	0	0	0	0	0	0	0	0	0	0	0	0	0	0	0	0	10	11	0	0	0	0	1	4	0	0	0	0	0	0	11	0	7	0	0	0	0	0	1	0	0	0	0	0	0	0	0	0	0	0	0	0	0	0	0	0	0	0
S03	89	8	1279	138	922	0	0	423	135	608	98	353	50	607	93	293	84	390	171	262	0	73	233	0	92	377	0	268	109	210	0	202	0	0	328	0	0	0	429	0	0	90	32	120	195	0	33	10	25	0	45	177	41	0	0	25	114	48	0	81	239	66	104	62	0	194	0	0	17	70	36	0	41	0	118	0	86	0	0	91	16	0	88	50	0	0	31	0	0	0	0	87	0	28	48	31	69	0	91	0	111	148	39	0	0	36	93	86	0	75	43	0	0	96	74	0	62	0	0	0	98	0	0	0	0	0	0	0	0	0	30	0	0	33	14	13	0	0	0	61	0	38	85	20	67	27	52	45	52	0	10	0	0	0	9	0	17	27	0	24	33	0	0	0	8	16	0	15	0	0	0	0	0	0	6	0	0	0	0	12	37	25	0	0	0	0	0	0	55	26	45	30	0	24	0	0	0	23	0	0	0	30	8	11	9	0	0	0	0	0	0	0	0	0	8	21	0	42	0	0	0	0	62	0	0	0	0	0	57	0	0	12	6	29	0	0	2	4	0	21	0	0	0	0	0	0	0	7	0	14	0	0	0	0	0	0	23	0	0	0	0	11	0	0	0	0	0	0	0	0	20	12	0	0	0	0	0	0	0	0	0	18	0	21	0	0	14	0	0	0	0	0	0	0	0	0	0	0	0	0	0	0	0	0	0	0	0	20	0	0	5	0	0	0	0	0	0	0	0	0	0	0	0	0	0	0	0	20	0	0	16	0	0	0	0	0	0	0	0	0	0	0	12	0	0	0	0	6	0	0	0	0	0	0	0	0	0	12	0	0	0	0	0	0	0	0	0	0	0	0	12	0	0	0	0	0	0	0	0	0	0	0	0	0	0	0	0	0	0	0	0	0	0	0	0	0	0	0	0	0	0	0	0	3	0	0	0	0	0	0	0	0	0	0	0	0	0	0	2	0	0	0	0	0	0	0	0	0	0	0	0	0	0	0	0	0	0	0
S04	1014	110	891	290	1364	35	90	617	206	436	168	273	98	527	132	98	401	391	235	143	0	280	155	0	51	96	0	368	91	156	0	134	0	0	178	0	0	0	252	0	0	120	66	47	156	0	0	111	25	0	41	14	26	0	198	185	74	33	0	52	0	50	75	215	0	100	0	40	49	0	12	28	24	0	57	105	45	47	0	39	24	0	23	280	0	0	0	0	0	0	0	0	54	28	46	0	57	0	61	0	49	212	0	0	0	10	94	0	0	78	22	11	0	42	32	0	33	0	0	0	122	0	0	0	0	0	0	0	0	0	13	0	0	0	58	0	0	0	39	0	0	64	0	0	14	26	0	9	43	0	13	0	0	0	6	0	0	0	8	0	0	0	0	0	0	20	0	40	0	0	0	0	0	0	10	0	0	17	43	0	10	0	0	0	12	0	0	0	0	26	7	85	0	22	0	22	0	24	0	0	0	0	4	0	0	0	0	0	0	0	0	0	0	0	0	0	0	20	0	0	0	13	0	0	37	0	0	0	18	0	0	30	0	5	0	31	9	0	0	0	0	0	0	0	0	0	0	0	0	10	0	0	0	0	0	0	13	0	0	0	0	0	0	30	0	0	0	0	0	0	15	0	0	0	0	0	0	0	0	0	0	0	0	0	0	0	0	0	0	0	0	0	0	0	0	0	0	0	0	0	0	0	0	0	0	0	0	0	0	0	0	0	0	0	0	0	0	0	0	0	0	0	0	0	0	0	0	0	0	0	12	0	0	0	0	0	0	0	0	0	0	0	0	0	0	0	0	0	0	0	0	0	0	0	0	0	0	2	0	0	0	0	0	0	0	0	0	0	0	0	0	0	0	0	0	11	0	0	0	0	0	0	21	6	0	0	0	0	0	8	0	0	0	0	0	0	0	0	0	0	0	0	0	0	0	0	0	0	0	0	0	0	0	0	0	0	2	0	0	0	0	0	0	13	0	0	0	0	0	0	0	0	0	0	0	0	0	0
S05	952	72	779	344	1283	57	265	914	240	520	184	353	150	426	91	57	767	255	213	175	10	226	122	0	19	115	0	274	66	86	0	134	109	0	120	39	0	20	168	0	0	117	97	42	134	0	62	55	31	38	42	0	0	0	329	224	50	0	0	31	6	84	68	297	0	70	0	0	44	0	0	20	32	0	0	99	14	44	0	26	13	0	16	239	0	0	0	0	0	0	0	83	0	24	51	0	40	0	50	0	76	0	0	0	0	12	30	0	0	74	30	0	0	20	19	0	37	0	0	0	133	12	0	0	0	0	0	0	0	0	0	0	0	0	81	0	0	0	42	26	0	20	0	0	0	0	0	10	0	0	0	0	0	0	13	0	0	17	0	0	24	0	0	0	0	16	0	47	0	0	0	0	11	40	0	0	0	0	45	0	0	0	0	0	6	0	0	0	0	24	20	64	0	0	30	10	0	40	0	0	0	0	0	0	0	0	0	0	0	0	0	0	0	0	0	0	0	0	24	0	0	16	0	0	41	0	0	19	12	0	0	19	0	0	0	38	0	0	0	0	0	0	0	0	0	0	0	0	0	13	0	0	12	0	0	0	0	0	0	0	0	0	0	14	0	0	0	0	0	0	0	0	0	0	0	0	0	0	0	0	0	0	0	8	0	0	0	0	0	0	0	0	0	0	0	0	0	0	0	0	0	15	0	0	0	0	0	0	0	0	0	0	0	0	0	0	0	0	0	0	0	0	0	0	0	0	0	0	0	0	0	0	0	0	21	0	0	0	0	0	0	0	0	0	0	0	0	0	0	0	0	0	0	0	0	0	0	3	0	0	0	0	0	0	0	0	0	0	0	0	0	0	0	0	0	38	0	0	0	0	0	0	17	0	0	0	0	0	0	0	0	0	0	0	0	0	0	0	0	0	0	0	0	0	0	0	0	0	0	0	0	0	0	0	0	0	0	0	12	0	0	0	0	0	0	0	0	0	0	0	0	0	5	0	0	0	0	0
S07	128	15	1072	96	954	0	0	326	0	953	216	240	52	804	93	441	76	388	248	199	0	151	281	0	76	271	0	206	120	249	0	162	0	0	288	0	0	0	432	0	0	140	60	99	219	0	53	81	30	0	93	140	0	0	0	25	146	99	0	159	52	39	0	54	0	97	0	0	36	82	79	0	42	0	127	18	122	0	0	72	21	0	59	64	15	0	16	0	0	0	0	0	43	30	51	0	83	0	75	0	107	182	0	0	0	39	56	0	0	87	36	0	0	84	65	0	76	0	0	0	121	0	0	0	0	0	0	0	0	0	65	0	0	19	6	0	0	0	0	32	0	48	80	0	47	53	0	40	102	0	28	0	0	0	0	0	17	0	0	28	67	0	0	0	0	0	0	7	0	0	0	0	0	0	0	0	0	41	0	0	35	25	0	0	0	150	0	0	0	23	20	32	0	0	0	0	0	0	0	54	0	50	0	26	0	0	11	0	0	0	0	0	0	0	4	27	5	0	0	0	0	0	0	0	0	0	0	0	28	0	0	15	31	0	0	0	0	6	0	9	27	0	0	0	0	0	0	0	0	0	0	0	0	0	26	0	0	0	0	0	0	13	0	0	15	0	0	0	0	0	0	16	0	0	0	0	0	0	0	0	0	0	0	21	0	0	0	0	28	0	0	0	0	0	0	0	0	0	0	0	0	0	0	0	15	0	0	11	0	0	0	0	0	0	0	0	0	0	0	0	0	10	0	0	0	0	0	0	0	0	0	2	0	0	0	0	0	0	0	0	0	0	0	0	0	0	0	7	0	0	0	0	0	0	0	0	0	9	0	0	0	59	0	0	0	0	0	8	8	0	0	0	0	0	0	0	0	0	0	0	0	0	0	0	0	0	0	0	0	0	0	0	0	0	0	0	0	0	0	0	0	0	0	0	0	0	0	0	0	0	0	0	6	0	0	0	5	0	0	0	0	0	0	0	0	0	0	0	0	0	0	0	0	0	0	5	0	0
S08	113	22	985	141	802	0	0	601	153	525	118	603	75	812	125	465	126	218	159	213	0	104	272	0	66	335	0	308	95	92	0	138	0	0	328	0	0	0	219	24	0	106	100	120	157	0	0	7	16	0	114	163	0	0	0	68	167	29	0	93	121	59	131	137	0	112	0	0	38	31	76	0	25	0	84	0	64	0	0	175	6	0	82	116	45	0	18	0	29	0	0	73	26	30	58	30	65	0	73	5	110	70	57	0	0	24	21	0	0	65	35	0	0	85	88	0	91	0	0	0	92	0	0	0	0	0	0	0	0	0	73	0	0	42	23	30	0	0	0	19	0	25	60	0	34	61	46	44	88	0	29	0	0	0	15	0	0	0	3	49	40	0	0	0	10	17	0	20	0	0	0	0	0	0	0	0	0	0	22	0	18	25	0	0	0	0	0	0	49	41	18	41	0	46	0	0	0	48	0	41	0	0	0	14	0	0	10	0	0	0	0	12	0	0	0	0	0	34	20	0	0	0	0	42	0	0	0	0	53	0	0	16	0	39	0	25	0	7	0	27	8	0	11	0	0	0	0	0	0	0	0	0	0	0	0	0	12	0	0	0	0	13	0	0	26	0	0	11	0	0	18	6	0	0	0	0	0	0	0	0	0	11	0	0	0	0	0	0	0	0	0	0	0	0	36	0	0	0	0	0	0	0	0	0	48	10	0	6	0	0	8	0	0	0	0	0	0	0	0	0	0	0	18	0	0	0	0	28	0	0	0	0	0	0	0	0	0	0	0	0	0	0	0	0	0	0	0	19	0	0	0	0	0	0	0	0	0	0	0	0	0	0	0	0	0	0	0	0	6	0	0	0	0	0	0	0	0	0	0	0	0	0	0	0	0	0	0	0	0	0	0	0	0	0	0	0	0	0	0	0	0	0	0	0	4	11	0	0	0	0	0	0	0	0	0	0	0	0	0	13	0	0	0	0	0	0	0	0	6	0	0	0	0	4	0	0	0	0
S09	197	25	1026	128	831	0	0	507	184	725	132	448	61	704	106	691	48	180	201	217	0	67	185	0	48	565	0	268	80	63	0	128	0	0	412	0	0	0	170	74	0	102	51	125	163	0	23	43	16	6	74	231	0	0	0	15	189	35	0	168	73	54	91	59	0	154	0	0	12	76	81	0	26	0	117	0	84	0	0	153	6	0	81	93	16	0	13	0	0	0	0	56	0	60	61	0	38	0	65	0	94	72	0	0	0	43	19	0	0	81	44	0	0	52	58	0	80	0	0	0	55	0	0	0	0	0	0	0	0	0	32	0	0	37	24	14	0	0	28	26	0	51	54	0	65	24	55	77	86	0	21	0	0	0	0	0	15	18	9	31	34	0	0	0	11	18	0	7	0	3	0	0	0	0	0	0	0	23	15	0	11	41	0	0	23	0	0	14	46	16	39	0	0	11	0	0	0	19	0	0	0	0	5	18	0	0	6	0	0	0	43	17	0	0	13	13	0	47	0	0	0	7	0	56	0	0	0	0	0	0	0	0	19	22	0	27	0	0	0	52	0	0	58	18	0	0	0	0	0	5	0	0	0	0	0	0	11	0	0	0	0	15	0	0	30	0	0	15	0	0	16	16	0	0	0	0	0	0	16	8	0	22	0	0	0	0	0	0	0	14	0	0	0	0	39	0	0	0	0	0	0	0	0	0	0	2	0	10	0	0	0	0	0	0	0	0	0	0	0	0	0	7	0	0	0	0	0	0	0	0	0	0	0	0	0	0	0	0	0	0	0	0	0	0	0	0	0	10	0	0	0	0	0	0	13	0	0	0	0	0	0	0	0	0	0	0	18	0	0	0	14	0	0	0	0	0	0	0	0	0	0	0	0	0	0	0	0	0	0	0	0	0	0	0	0	0	0	0	13	0	0	0	0	0	16	15	0	0	0	0	0	0	2	2	0	0	0	0	0	0	0	0	0	6	0	0	0	0	0	0	0	0	0	0	0	0	0	0
S10	555	36	1014	94	780	0	129	365	119	1047	164	421	59	763	99	990	128	183	236	177	9	82	193	0	59	389	0	269	101	62	0	127	0	0	307	0	0	0	254	64	0	108	139	74	147	0	0	13	21	0	77	156	38	0	0	29	168	26	0	166	104	28	97	83	0	147	0	0	29	154	109	0	25	0	100	10	56	0	0	89	11	0	64	84	26	23	25	0	0	0	0	0	0	28	43	0	64	0	26	0	74	72	0	0	0	23	25	0	0	51	0	0	0	68	59	0	63	0	0	0	0	0	0	0	0	0	0	0	0	0	73	0	0	14	10	0	0	0	0	14	0	15	50	0	27	43	48	44	54	0	28	0	0	0	7	0	14	0	6	43	89	0	0	0	12	12	0	6	0	0	0	0	0	0	0	0	0	41	0	31	9	14	0	0	0	0	0	0	0	23	6	41	0	17	0	0	0	28	0	66	0	0	0	18	0	0	0	0	1	0	36	0	0	0	10	13	0	0	0	0	0	0	28	0	0	0	0	0	21	0	0	0	13	3	0	16	0	9	0	13	20	0	0	0	0	0	0	0	0	0	0	0	0	0	0	0	13	0	0	0	0	11	0	0	25	0	0	9	0	0	24	9	0	0	0	0	0	0	0	9	0	0	0	6	0	0	0	0	0	0	0	0	0	0	0	0	0	0	0	0	0	0	0	0	0	0	0	0	0	0	0	0	0	0	0	0	0	0	0	0	0	0	0	0	9	0	0	0	0	0	27	1	0	0	0	0	0	0	0	0	0	0	0	0	0	0	0	0	0	0	0	0	0	0	0	0	0	0	0	0	0	0	0	0	0	0	0	0	1	0	0	0	0	0	0	0	0	0	0	0	0	0	0	0	0	0	0	0	0	0	0	0	0	0	0	0	0	0	0	0	0	0	0	0	0	0	0	0	0	0	0	0	0	0	0	0	0	0	0	0	0	0	0	0	0	0	0	0	0	0	0	6	0	0	0	0	0	0
S11	2146	509	1229	180	751	138	179	301	135	560	229	248	68	503	80	533	431	130	152	169	53	241	145	62	40	287	0	210	138	181	53	97	0	0	109	0	0	0	115	0	0	47	186	98	54	18	24	58	19	25	30	32	65	10	0	57	73	82	0	62	114	31	32	25	34	63	0	63	21	91	92	12	23	0	0	14	90	34	0	40	27	0	56	13	62	17	44	23	0	67	0	0	0	47	0	0	60	0	0	0	44	68	0	0	0	53	19	0	0	24	0	25	0	23	0	0	15	0	14	0	0	0	6	0	0	0	24	0	0	9	0	0	0	0	8	0	0	0	0	0	0	29	0	21	21	27	2	28	0	0	24	0	0	0	5	0	18	0	11	0	0	0	0	0	20	5	0	3	0	0	0	0	0	0	5	0	0	48	0	12	9	0	0	0	0	0	0	0	0	0	2	0	0	0	0	0	10	0	0	0	0	47	9	26	0	0	0	0	0	48	0	0	0	0	8	0	0	0	0	0	17	0	0	0	0	0	0	22	0	0	0	0	0	0	0	6	0	4	0	0	0	2	0	0	20	0	0	0	0	8	0	0	0	0	0	0	0	0	0	0	26	0	0	0	0	0	0	0	0	0	0	0	0	0	0	0	0	0	0	0	0	0	0	18	0	33	0	0	0	0	0	0	0	0	0	0	0	0	0	0	0	0	0	0	0	0	0	0	0	0	8	0	0	0	0	0	5	0	0	0	0	0	0	0	0	0	7	0	0	0	0	0	0	0	0	0	0	0	0	0	0	0	14	0	0	0	0	0	0	0	0	10	0	0	0	17	0	3	0	0	0	0	0	0	0	0	0	0	0	0	0	0	0	0	0	0	0	0	0	0	0	0	0	0	0	0	0	0	0	6	0	0	0	0	0	0	0	0	0	0	0	0	0	0	0	0	0	0	0	0	0	0	0	0	0	0	0	0	0	0	0	0	0	0	0	0	0	0	0	0	0	0	0	0	0	0	0	0
S12	1811	353	1278	168	1686	91	162	533	169	453	275	358	74	215	144	283	270	181	169	218	22	356	162	84	9	99	0	183	140	77	47	178	0	0	93	35	0	0	94	0	0	82	338	53	92	0	40	15	32	0	0	41	73	0	43	24	85	54	0	57	75	42	47	14	36	72	0	55	35	94	101	21	49	0	0	53	27	104	0	40	39	0	21	43	10	19	29	14	0	22	0	0	0	41	0	31	0	0	0	0	0	61	0	0	0	39	25	0	0	14	0	14	0	42	51	0	30	0	0	0	0	0	0	0	0	0	27	0	0	14	0	0	0	0	17	0	0	0	0	0	0	62	0	0	27	0	45	0	0	0	24	0	0	0	0	0	11	0	0	0	0	0	0	0	26	13	0	0	0	0	3	0	15	42	0	0	0	0	15	13	0	0	0	0	0	0	0	0	0	0	0	0	0	0	0	16	0	0	0	0	0	39	0	7	0	0	0	0	0	33	7	0	0	0	0	0	0	0	0	0	0	0	26	0	0	0	0	9	0	0	0	0	0	0	0	0	0	10	0	0	6	0	0	0	0	0	0	0	10	0	24	0	0	0	0	0	0	0	0	0	0	0	0	0	0	0	0	0	0	0	0	0	0	0	0	0	0	0	0	0	0	0	0	0	0	0	11	0	0	0	0	0	0	0	0	0	0	0	0	0	0	0	0	0	0	6	0	0	0	0	0	0	0	0	0	0	0	0	0	0	7	0	0	0	0	0	0	0	0	20	0	0	0	0	0	0	0	0	0	0	0	0	0	0	0	0	0	0	0	0	0	0	0	0	0	16	0	0	0	0	0	18	0	0	0	0	0	0	0	0	0	0	0	0	0	0	0	0	0	0	0	0	0	0	0	0	0	0	0	0	0	0	0	0	0	0	0	0	0	0	0	0	0	0	0	0	0	0	0	0	0	0	0	0	0	0	0	0	0	0	0	0	0	0	0	0	0	0	0	0	0	0	0	5	0	0	0	0
S14	1722	139	1107	103	972	32	17	307	149	716	202	270	22	466	101	518	93	204	244	189	0	142	302	51	53	252	0	321	222	130	41	72	0	0	169	29	0	0	169	0	0	63	146	102	85	27	48	387	22	0	68	79	43	0	27	18	101	90	0	48	79	37	61	16	32	53	0	45	19	99	72	0	33	0	69	6	77	0	0	54	9	0	97	38	22	0	38	10	0	30	0	76	0	28	21	0	64	0	49	0	65	148	40	0	0	17	8	49	0	20	32	6	0	21	32	0	33	0	15	0	51	0	0	0	0	0	14	0	0	0	0	0	0	19	15	0	12	0	14	5	0	16	0	19	35	18	0	25	0	0	16	0	0	0	8	0	24	30	0	12	0	0	0	0	16	20	0	0	0	0	0	0	0	0	8	0	0	50	17	27	7	19	0	0	20	0	0	0	0	0	9	0	0	0	0	0	0	12	0	42	0	46	6	5	0	0	0	0	0	0	19	0	0	0	4	10	2	0	0	0	6	12	22	0	11	0	0	12	0	0	0	0	0	8	0	0	0	14	17	0	14	0	0	0	0	0	18	5	0	0	0	0	0	0	0	0	0	0	0	0	6	0	0	0	0	0	0	6	19	0	0	0	0	0	0	0	0	0	0	0	0	0	0	7	0	0	0	0	0	0	0	0	0	0	0	0	0	0	0	0	0	0	0	0	0	7	0	0	0	0	9	0	0	0	0	0	0	0	0	0	0	0	0	0	0	0	0	0	0	32	0	2	0	0	0	0	0	0	0	0	0	0	17	0	0	0	0	0	0	0	0	0	0	8	0	0	0	0	0	0	0	0	0	0	0	0	0	4	0	0	0	0	0	0	0	0	0	0	0	0	0	0	0	0	0	0	0	0	0	0	0	0	0	0	0	0	0	0	0	0	0	0	0	0	0	0	0	0	5	0	0	0	0	0	0	0	0	0	0	0	0	0	0	0	0	0	0	0	0	0	0	0	0	0	0	0	0	0
S15	2215	133	1067	111	789	0	31	304	186	592	263	301	30	564	116	636	154	203	123	128	12	172	140	130	45	529	0	220	191	100	15	118	0	0	231	25	0	0	168	0	0	139	155	55	94	0	0	75	20	0	54	126	98	0	0	5	82	61	0	108	98	27	47	22	0	109	0	0	31	110	88	0	36	0	0	13	55	0	0	58	21	0	86	14	45	0	22	15	0	0	14	0	63	71	34	0	59	0	19	0	59	56	0	0	0	9	25	0	0	15	0	12	0	62	37	0	17	0	15	0	0	0	0	0	0	0	0	0	0	0	0	0	0	23	17	0	0	0	19	0	0	50	0	0	57	0	54	33	0	0	36	0	0	0	0	0	0	19	0	0	0	0	0	0	13	0	0	14	0	0	0	0	0	0	0	0	0	92	0	0	0	0	0	0	9	0	0	0	33	33	10	27	0	0	0	3	0	17	0	0	0	46	0	18	0	0	0	0	0	0	0	0	0	0	12	8	1	0	0	0	0	8	0	0	0	0	0	5	0	0	0	0	19	6	0	0	0	22	0	8	0	0	0	0	0	0	10	6	0	22	0	0	0	0	0	0	16	0	0	0	0	0	0	0	0	0	0	0	11	0	0	0	0	0	0	0	0	0	15	0	0	0	0	0	12	0	0	0	0	0	0	0	0	0	0	0	0	0	0	0	0	0	0	0	18	14	0	10	0	0	0	0	0	0	0	6	0	0	0	0	0	0	0	0	0	0	0	0	0	0	0	0	0	0	17	0	0	0	0	0	0	0	16	0	0	0	0	0	0	31	0	18	0	0	0	0	0	0	0	0	0	0	0	0	0	0	0	13	0	0	0	0	0	0	0	0	0	0	0	0	0	0	0	0	0	0	0	0	0	0	0	0	0	0	0	0	0	0	0	0	0	0	0	8	0	0	0	0	0	0	0	0	0	0	0	0	0	0	0	0	0	0	0	0	0	0	0	0	0	0	0	0	0	0	0	0	0	0
S17	2055	222	1345	136	943	50	56	337	159	602	246	329	41	466	112	549	197	285	142	282	0	210	220	61	39	152	0	207	108	125	24	98	0	0	174	16	0	0	156	37	0	94	102	73	129	0	52	125	34	15	69	124	50	0	72	21	75	103	0	76	51	73	93	40	0	81	0	58	13	84	32	0	49	0	65	22	76	0	0	44	0	0	34	55	75	16	29	10	0	16	0	0	36	38	36	0	69	0	24	0	0	89	32	0	0	17	16	0	0	20	33	24	0	10	41	0	44	0	0	0	0	0	0	0	0	0	16	0	0	0	0	0	0	15	11	0	5	0	0	13	0	28	34	0	18	0	0	8	0	0	27	0	0	0	0	0	0	21	0	0	43	0	0	0	0	16	0	0	0	0	10	0	11	0	7	0	0	34	0	6	0	0	0	0	4	0	0	6	0	14	7	0	0	0	0	0	0	17	0	0	0	0	6	7	0	0	0	0	0	0	0	0	0	0	8	8	0	0	0	0	20	0	0	0	21	0	0	0	0	0	0	0	24	0	0	20	0	8	0	8	13	0	19	0	0	0	0	0	0	0	0	0	0	0	0	0	0	0	0	0	0	0	0	0	0	0	0	11	0	0	0	0	0	0	0	0	0	0	0	0	0	11	0	0	0	0	0	0	0	0	0	0	0	0	0	0	0	0	0	0	0	7	0	0	19	0	0	4	0	0	0	0	0	0	0	0	0	0	0	0	0	0	0	0	0	0	0	0	0	0	0	4	0	0	0	0	0	0	0	0	0	0	0	0	0	0	0	0	0	0	0	0	0	0	0	0	0	0	0	0	0	0	0	0	0	0	0	0	0	0	0	0	0	0	0	0	0	0	0	0	0	0	0	0	0	0	0	0	0	0	0	0	0	0	0	0	0	0	0	0	0	0	0	0	0	0	0	0	0	0	0	0	0	0	0	0	0	0	0	0	0	0	0	0	0	0	0	0	0	0	0	0	4	0	0	0	0	0
S18	2080	716	809	330	756	420	333	700	273	297	779	179	127	282	88	97	562	171	112	126	63	281	90	415	52	0	0	130	60	75	67	122	0	171	51	0	0	69	47	30	0	48	129	36	60	48	0	0	74	32	45	0	126	106	121	106	0	53	44	0	22	29	32	18	0	23	0	62	32	42	13	16	27	0	32	70	35	55	0	28	71	0	0	47	32	36	19	86	0	0	0	0	0	0	33	0	41	0	0	0	0	54	0	0	0	30	18	0	30	19	0	10	0	17	19	0	22	0	0	34	0	0	0	0	0	0	0	0	9	20	0	0	0	0	16	0	0	0	0	0	0	14	0	0	0	0	0	0	0	0	23	0	0	0	0	0	0	17	0	0	47	0	0	0	14	0	0	18	0	0	0	0	0	0	0	0	0	46	0	0	0	0	0	0	13	0	0	0	0	0	0	28	0	0	0	0	4	0	0	0	0	0	0	0	0	0	0	0	0	0	13	0	0	0	0	0	12	0	0	0	0	13	0	0	0	20	0	7	0	0	0	0	0	0	0	0	0	0	0	0	0	8	0	0	10	0	0	0	0	0	0	0	0	0	0	0	0	0	0	0	0	0	0	0	0	0	0	0	0	0	0	0	0	0	0	0	0	0	0	0	0	0	3	19	0	0	0	0	0	0	0	0	0	0	0	0	0	0	0	0	0	0	0	0	0	0	0	0	0	0	0	0	0	0	0	0	0	0	0	0	0	0	0	0	0	0	0	0	0	0	0	0	0	0	0	0	0	0	0	0	0	0	0	0	0	0	0	0	0	0	0	0	0	0	0	0	0	0	0	0	0	0	0	0	0	0	0	0	0	0	0	0	0	0	0	0	0	0	0	0	0	0	0	0	0	0	0	0	0	0	0	0	0	0	0	0	0	0	0	0	0	0	0	0	0	0	14	0	0	0	0	0	0	0	0	0	3	0	0	0	0	0	0	0	0	0	0	0	0	0	0	0	0	0	0	0	0	0
S20	1290	1105	561	308	376	546	611	633	0	214	606	97	231	168	59	55	427	148	134	114	106	151	43	1076	49	9	0	40	47	51	84	59	0	202	0	40	165	181	0	0	21	45	24	36	0	456	40	0	49	56	0	0	150	398	96	61	0	40	251	32	7	20	0	11	0	17	0	53	29	0	0	20	29	0	0	47	20	92	49	15	55	0	0	19	28	21	41	87	0	9	133	0	0	24	30	0	0	0	0	0	0	49	0	0	0	47	27	0	46	17	0	0	16	0	0	0	10	0	9	13	0	0	4	0	0	23	13	0	14	18	0	37	0	0	0	0	0	0	31	0	0	7	0	0	0	0	0	0	0	0	12	0	0	0	0	0	0	0	0	0	0	0	0	0	0	11	0	16	0	0	4	0	0	0	0	0	0	34	0	0	0	0	0	0	0	335	0	0	0	0	0	0	0	0	0	15	0	0	0	0	0	26	8	0	0	0	21	0	21	0	0	0	0	0	0	0	9	0	0	0	0	12	0	0	0	0	0	5	0	0	0	0	0	0	0	0	0	0	0	0	0	0	0	0	12	0	0	0	0	0	0	0	0	0	0	0	0	0	0	0	0	0	0	0	0	0	0	0	0	0	0	0	0	0	0	0	0	0	0	0	0	0	0	0	0	0	0	0	0	0	0	0	0	0	0	0	0	0	0	0	0	0	0	0	0	0	0	0	0	0	0	0	0	0	0	0	0	0	0	0	0	0	0	0	0	0	0	0	8	0	0	0	0	0	0	0	0	0	0	0	0	0	0	0	0	0	0	0	0	0	0	0	0	0	0	0	0	0	0	0	6	0	0	0	0	0	0	0	0	0	0	0	0	0	0	0	0	0	0	0	0	0	0	0	0	0	0	0	0	0	0	0	0	0	0	0	0	0	0	0	0	0	0	0	0	0	0	0	0	0	0	0	0	0	0	0	0	0	0	0	0	0	0	0	0	0	0	0	0	0	0	0	0	0	0	0	0	0
S21	891	1063	498	701	390	641	937	740	348	135	484	153	285	95	158	22	346	85	92	90	136	90	25	550	48	17	0	30	53	49	43	42	87	162	6	100	116	141	22	57	94	27	27	45	28	337	66	0	93	66	30	0	91	254	57	46	0	49	112	19	0	39	7	29	35	7	0	26	18	0	4	41	21	0	0	49	24	30	42	15	39	0	0	17	6	13	28	43	77	1	87	20	11	19	30	22	0	52	5	18	0	0	21	32	0	43	12	9	38	13	8	20	33	9	0	21	19	56	30	21	4	26	7	29	43	10	12	6	13	24	0	36	21	0	32	26	0	7	10	0	0	0	19	10	6	0	0	0	0	0	0	17	0	24	29	0	0	6	0	8	0	26	14	8	7	12	0	11	14	4	0	0	8	18	0	0	0	0	7	0	2	0	0	13	3	0	0	0	0	6	0	0	0	4	17	7	10	0	0	0	20	0	9	0	0	0	10	13	29	12	0	12	7	0	0	0	5	0	0	23	0	11	0	0	0	0	0	0	0	0	0	0	0	0	0	0	0	0	0	0	0	13	0	5	8	4	0	0	0	0	0	1	4	7	0	0	0	0	0	0	0	0	0	4	0	0	0	0	0	0	0	0	0	0	0	0	8	0	0	0	0	0	8	0	0	9	0	0	0	0	0	0	0	0	0	0	0	0	0	0	0	0	6	0	0	0	0	0	0	0	0	0	0	0	0	0	6	19	0	0	0	0	0	0	0	0	0	0	7	0	0	0	0	0	0	0	13	0	0	0	0	0	0	0	0	0	0	5	0	0	0	0	0	0	0	0	0	0	0	0	0	0	0	0	0	0	0	0	0	0	0	0	0	0	0	0	0	0	0	0	3	0	0	0	0	0	0	0	0	3	0	0	0	0	0	0	0	0	0	0	0	0	0	0	0	0	0	1	0	0	0	0	0	0	0	0	0	0	0	0	0	0	0	0	0	0	0	0	0	0	3	0	0	0	0	0	0	0
S23	734	1660	497	869	331	869	927	727	358	95	167	150	270	99	137	19	384	86	41	71	159	96	17	646	53	18	0	20	29	29	59	17	75	217	4	101	96	107	15	45	85	25	11	37	26	262	13	0	56	42	15	0	107	277	33	59	0	67	139	15	0	24	12	24	30	10	0	37	16	0	3	56	24	0	0	37	16	27	47	10	25	0	0	15	8	15	29	97	60	7	70	0	0	10	24	11	0	39	0	28	0	0	25	12	0	38	14	10	27	6	8	15	27	0	3	5	0	69	30	11	0	31	13	19	76	25	7	0	14	22	0	43	37	4	18	23	0	11	22	0	0	9	6	5	4	0	4	0	0	0	7	15	0	22	21	0	0	0	2	3	0	0	8	6	8	14	20	5	11	3	3	0	9	22	5	0	0	0	7	0	0	0	4	0	0	0	0	18	0	8	0	0	0	3	6	5	4	0	0	0	0	0	3	0	0	0	5	12	26	13	0	5	9	0	0	0	6	0	0	14	3	4	0	0	0	1	2	0	2	0	1	0	0	0	0	0	0	0	0	0	0	18	0	5	4	3	0	0	0	0	0	0	1	12	0	4	0	0	0	0	0	0	0	0	0	0	0	0	0	0	0	0	0	0	0	0	6	0	0	1	0	0	4	0	0	0	0	1	0	0	0	0	0	0	0	0	12	0	0	0	0	0	4	2	0	0	0	0	0	0	0	0	2	0	0	0	6	11	0	0	0	0	0	3	0	0	0	0	3	0	0	0	0	0	0	0	0	0	4	0	0	0	0	0	0	0	0	0	0	0	0	0	0	0	0	0	3	0	0	0	0	0	0	0	0	0	0	0	0	0	0	0	0	0	0	0	0	0	0	0	6	0	0	0	0	0	0	0	0	0	0	0	0	0	0	0	0	0	0	2	0	0	0	0	0	0	0	0	0	0	0	0	0	0	3	0	0	1	0	0	0	0	0	0	0	0	0	0	0	0	0	0	0	0	0	0	0	0
S24	853	1151	510	1201	321	842	1470	552	271	90	232	120	608	87	146	39	630	59	52	65	256	63	22	286	81	19	0	23	65	16	81	54	71	121	5	88	73	59	25	39	68	25	21	32	17	101	34	0	66	48	17	4	40	90	81	161	0	14	51	14	0	27	7	25	10	6	0	28	30	0	3	70	17	0	0	66	17	24	58	9	39	0	4	11	3	33	16	37	44	4	10	0	0	15	18	16	0	25	0	21	0	0	25	31	0	36	5	37	24	2	10	18	18	0	8	5	9	40	16	22	0	29	5	0	46	0	0	2	40	29	0	40	0	10	12	31	0	6	16	0	0	4	0	0	0	3	0	14	0	0	5	10	0	11	20	0	0	12	0	11	19	34	13	57	15	28	22	16	13	0	0	0	7	13	3	0	0	0	6	0	1	7	10	0	0	0	0	16	0	0	0	0	0	0	17	6	4	0	0	0	0	0	9	0	0	0	4	17	9	14	0	6	0	4	0	0	7	0	0	18	0	5	0	0	0	8	4	6	0	0	0	0	0	0	3	0	0	0	0	0	0	11	0	4	7	0	0	0	0	0	0	4	5	0	0	0	0	0	0	5	0	0	0	2	0	15	0	0	0	0	0	0	0	0	0	0	4	0	0	1	0	0	4	0	0	0	0	0	0	0	0	0	4	0	0	0	0	0	0	0	0	0	3	3	0	0	0	0	0	0	0	0	3	0	0	0	0	0	0	0	0	0	0	5	0	0	0	0	5	0	0	0	2	0	0	0	0	0	0	0	0	0	0	0	0	0	15	0	0	0	0	0	0	0	0	0	0	0	0	0	10	0	0	0	0	0	0	0	0	0	0	0	0	0	0	0	0	0	0	0	0	0	0	0	0	0	0	0	0	0	8	0	0	6	0	0	0	0	0	0	0	0	0	0	0	0	0	1	0	0	0	0	0	0	0	0	0	0	0	0	0	0	0	0	0	0	0	0	0	0	0	0	0	0	0	0	0	0
S25	1720	317	1337	352	1542	102	114	395	274	337	450	414	101	287	226	189	118	148	98	134	33	106	178	50	82	191	0	126	85	66	25	86	164	33	172	63	25	0	41	97	11	56	122	40	78	18	40	95	49	50	73	62	60	8	13	9	49	45	13	42	43	58	87	59	30	53	20	19	7	55	25	12	32	0	43	17	35	46	0	16	12	0	31	32	28	9	27	12	10	8	0	51	41	23	16	7	34	0	12	29	13	0	37	0	0	9	9	13	0	12	33	54	5	5	32	26	39	0	4	30	0	16	0	39	7	9	17	0	0	5	0	7	0	25	21	13	0	16	12	10	0	10	0	7	17	0	23	18	15	0	5	0	54	22	6	0	0	14	6	9	0	0	22	11	2	8	0	0	12	7	0	23	12	0	5	0	0	0	13	0	14	0	15	0	7	0	0	24	0	0	5	0	0	0	8	6	13	0	0	0	0	0	6	5	7	0	0	10	0	0	0	0	9	0	11	5	5	0	0	0	0	0	0	0	0	0	0	3	0	30	17	12	0	9	10	6	8	6	0	0	13	0	0	2	0	11	0	19	1	0	0	5	0	0	3	0	10	0	13	6	0	0	0	0	0	0	0	8	5	0	9	3	8	3	0	0	0	10	0	0	0	0	0	0	1	0	5	0	0	10	0	0	0	0	9	0	0	5	0	0	0	0	0	0	0	0	0	2	0	0	0	0	0	0	0	2	0	0	0	0	0	0	0	0	0	0	0	0	0	0	0	4	3	0	0	0	3	0	0	0	0	0	0	0	0	0	0	0	0	3	0	0	0	0	0	0	0	0	0	0	0	0	0	0	0	6	0	0	2	0	0	0	0	0	0	0	0	0	0	0	0	0	0	0	0	0	0	0	0	0	0	3	0	0	0	0	0	0	1	0	0	0	0	0	0	0	0	0	0	0	0	0	0	0	0	0	0	0	0	0	0	0	0	0	0	3	0	0	0	0	0	0	0	0	0	2	0	0
S26	2789	596	1443	321	482	68	32	337	186	336	221	434	45	195	269	264	102	144	107	211	18	101	244	17	34	138	0	194	146	106	56	65	114	0	73	75	0	0	52	77	2	118	131	53	42	13	22	263	51	14	46	47	27	0	14	11	38	51	0	40	26	50	49	46	124	29	27	42	11	61	57	11	37	0	50	19	48	33	0	28	6	0	29	31	10	0	35	5	0	50	12	53	62	19	0	45	13	0	81	37	6	0	0	0	0	4	13	0	0	7	24	67	0	0	27	27	19	0	31	0	0	18	0	0	0	0	22	0	0	9	0	9	0	14	9	0	4	31	0	6	0	9	0	23	0	13	31	10	22	28	14	0	0	0	9	0	13	0	14	0	0	0	0	0	11	2	0	4	22	21	13	23	14	0	15	0	85	0	13	14	20	0	15	0	8	0	0	0	0	0	6	0	0	0	6	8	7	0	0	0	0	0	8	0	14	0	0	0	6	0	0	5	15	13	6	7	0	0	0	0	0	0	0	0	0	0	4	0	0	0	11	3	0	0	6	0	0	7	0	9	0	0	0	12	8	16	0	7	6	0	0	0	0	0	0	6	0	0	6	0	0	0	0	0	4	0	12	0	0	0	0	0	16	3	0	0	0	14	0	0	0	7	0	0	0	0	3	1	0	0	0	0	0	0	0	26	0	0	0	0	0	0	0	0	0	6	0	0	0	0	2	17	0	0	0	0	0	0	19	0	0	0	0	0	2	0	0	0	0	0	0	0	0	0	0	0	0	0	0	0	0	0	0	8	7	0	0	0	0	0	0	0	0	0	0	0	0	0	5	0	0	0	0	0	0	5	0	0	0	8	0	0	0	0	0	0	0	0	0	0	0	0	0	10	17	10	0	0	0	0	0	0	0	0	0	0	0	0	0	0	0	0	0	0	0	0	0	0	1	0	0	0	0	0	0	3	0	0	0	0	0	0	0	0	0	0	0	0	0	1	0	0	0	0	0	0	0	0
S27	1481	351	1240	398	1238	166	124	319	164	397	191	483	47	235	247	258	170	233	119	164	20	110	201	143	49	180	0	128	139	102	23	84	166	53	143	34	0	0	90	73	8	59	79	70	54	15	53	139	55	28	64	68	84	10	37	17	45	60	21	51	64	65	90	44	22	36	0	37	17	68	50	27	30	0	41	29	34	42	0	41	16	0	42	34	13	0	31	45	17	0	15	40	60	25	28	30	14	6	79	29	16	0	29	10	0	24	17	0	10	23	31	35	0	14	29	37	25	25	4	0	14	19	0	0	0	0	24	0	1	6	0	15	0	29	14	20	0	10	20	5	0	8	0	15	13	13	11	22	13	39	16	0	43	4	15	0	8	17	12	6	27	0	15	0	9	17	0	5	8	23	1	36	10	15	17	0	42	0	3	6	4	0	0	41	11	0	0	19	0	7	11	0	0	4	14	13	11	0	0	0	0	0	5	1	8	0	4	4	9	0	0	6	0	0	15	4	0	0	0	0	0	4	0	0	0	6	0	0	0	41	9	8	0	2	7	0	0	5	8	0	4	1	0	6	0	12	0	2	0	7	0	0	0	9	0	0	0	0	9	19	0	4	0	0	4	0	0	0	0	0	0	0	0	9	5	0	0	12	0	0	0	0	0	0	2	0	5	0	0	0	0	0	0	0	0	0	0	1	0	0	0	0	0	0	0	0	0	0	0	0	4	0	0	0	0	0	0	0	22	3	0	0	0	0	0	0	0	0	0	0	0	10	0	9	0	0	0	0	0	0	0	0	0	0	0	0	0	3	0	0	0	0	0	0	0	0	0	0	0	14	0	0	0	7	0	0	0	0	5	0	0	0	0	0	0	0	0	0	4	0	0	0	0	6	0	0	0	0	0	0	0	0	0	0	0	0	0	0	0	2	6	0	0	1	0	0	0	0	0	0	0	0	0	0	5	0	0	0	0	0	0	0	0	0	0	0	0	0	0	2	0	0	0	0	0	0	2	0
S28	1059	1714	416	1018	270	648	1396	738	299	47	346	30	348	35	175	20	152	65	51	53	247	83	11	167	142	42	0	0	37	0	80	33	32	298	1	150	33	40	0	41	85	3	13	45	42	202	84	0	28	104	0	0	27	88	12	38	0	12	104	8	0	10	6	19	24	0	132	19	22	0	4	18	12	16	0	43	9	32	51	0	42	0	0	0	10	77	16	42	72	11	192	0	0	8	14	0	0	39	0	30	0	0	0	62	0	9	2	11	31	0	3	16	38	0	0	12	0	31	37	25	0	23	26	28	70	0	0	28	31	23	0	23	47	8	18	12	15	7	28	0	56	0	0	0	7	0	0	10	0	0	1	46	0	13	8	0	3	14	13	5	0	27	20	10	4	9	44	30	28	6	29	0	3	10	4	0	0	0	0	0	1	0	0	0	1	0	0	0	0	11	0	0	0	0	0	6	4	0	27	0	0	0	2	0	0	18	0	6	10	10	0	0	0	3	0	0	1	0	0	17	0	5	0	0	0	11	4	2	0	0	0	0	0	0	0	0	0	4	0	0	0	0	0	0	0	2	0	0	2	5	0	12	0	15	0	0	0	6	0	11	0	0	0	0	0	0	0	0	0	0	0	0	0	0	0	7	8	0	0	0	0	0	0	0	0	0	0	0	0	0	0	0	0	0	0	0	0	0	0	0	0	0	8	2	0	0	28	0	0	0	0	0	0	0	0	0	2	0	0	0	0	0	0	0	0	0	0	0	0	0	0	0	0	0	0	1	0	0	0	0	0	0	0	0	0	0	0	5	0	0	0	0	0	0	0	0	0	0	0	0	0	0	0	0	0	0	0	4	0	0	0	0	0	0	0	0	8	0	0	0	0	0	0	0	0	0	0	2	0	0	0	0	0	0	3	0	0	0	0	0	0	2	0	0	0	0	0	0	0	0	0	0	0	0	0	0	0	6	0	1	0	0	0	0	0	0	0	0	0	0	4	0	0	0	0	0	0	0
S29	346	49	1287	176	895	13	0	261	149	563	343	622	52	206	328	250	71	80	781	217	7	162	323	0	141	350	0	212	365	199	22	98	77	0	157	42	0	0	53	55	0	235	28	108	67	12	55	70	10	11	87	222	11	6	40	2	152	29	0	25	132	29	62	31	26	37	24	24	20	74	59	4	37	0	122	2	37	15	0	9	3	0	101	25	57	0	20	0	0	16	0	121	87	29	19	41	27	0	45	24	15	0	34	0	0	15	50	18	0	23	30	6	0	9	22	51	31	0	0	17	50	16	0	50	0	0	11	0	0	0	101	13	0	11	13	13	0	0	3	17	0	14	35	20	26	19	50	14	20	37	31	0	38	5	0	0	12	12	15	6	11	0	11	4	28	1	16	6	19	20	2	41	18	18	25	55	0	0	10	31	9	16	21	0	13	0	83	27	27	0	10	0	0	19	0	0	5	0	0	0	0	0	7	14	28	0	0	0	0	0	11	14	17	0	12	17	0	10	0	0	6	3	0	0	0	0	0	0	0	0	12	5	12	3	9	5	11	0	15	0	0	0	0	7	0	5	16	9	3	11	4	0	0	0	14	0	2	0	7	5	0	2	0	0	0	6	22	3	2	0	5	0	0	6	11	0	0	13	7	12	0	3	0	0	6	0	2	0	0	0	0	0	0	0	4	0	0	5	0	0	0	0	0	0	0	0	0	0	5	7	2	0	0	0	0	0	3	0	0	4	0	5	0	0	0	0	0	0	0	0	0	1	2	0	0	0	0	0	0	0	0	0	0	0	5	0	0	0	12	0	5	0	0	0	0	0	0	0	7	0	0	0	7	0	0	0	7	0	0	0	0	13	0	9	2	0	0	0	0	0	0	0	0	0	0	9	0	0	0	7	0	0	0	0	0	1	0	0	0	0	0	0	0	0	0	0	0	0	0	0	0	2	0	5	0	0	0	0	0	0	0	0	0	0	0	0	3	0	3	2	0	2	0	0	0	0	0	0
S30	766	207	1164	219	867	24	28	236	145	776	243	485	65	175	308	399	96	198	526	89	7	205	202	28	56	146	0	265	318	295	35	112	128	0	95	36	0	0	121	51	0	197	53	90	54	6	91	233	51	22	74	56	31	0	77	4	81	59	0	93	75	35	61	34	63	39	37	62	20	61	101	18	39	0	89	22	73	0	0	12	1	0	71	10	79	0	8	0	9	39	0	77	49	33	16	62	0	0	38	16	21	0	27	0	0	9	15	25	0	24	30	2	0	23	21	42	3	0	15	0	24	11	0	55	0	0	12	0	0	0	0	0	0	2	3	5	0	0	0	5	9	2	34	37	13	8	21	12	0	77	9	0	24	8	5	0	0	21	32	12	21	0	0	0	7	0	0	2	2	22	4	23	8	13	7	49	51	0	11	17	16	12	13	0	20	0	39	26	0	0	1	0	0	15	0	5	2	3	10	0	0	0	8	11	29	0	2	0	0	0	16	5	0	0	11	8	3	0	0	0	16	5	0	6	0	0	0	1	18	0	10	2	15	0	14	0	13	5	28	0	9	0	31	9	0	0	10	16	3	0	9	0	8	0	22	8	14	9	2	0	0	3	0	0	2	0	0	7	7	0	0	3	11	7	14	0	0	0	24	11	0	0	0	0	0	0	6	0	41	0	0	0	5	0	0	0	0	4	0	0	0	0	0	0	0	2	0	0	16	9	4	0	0	0	0	0	0	0	0	10	0	10	0	0	11	0	16	0	0	0	0	3	1	0	0	0	0	0	0	8	0	0	0	0	0	0	0	0	0	0	6	0	0	13	18	0	0	1	0	0	0	0	7	0	0	7	0	0	0	0	0	2	0	0	0	0	0	0	0	7	0	0	0	0	0	0	0	0	4	0	0	9	0	0	0	0	0	0	0	3	0	3	0	0	0	0	0	0	0	2	0	0	0	0	0	4	0	0	0	0	0	0	0	0	0	0	0	0	0	0	0	0	0	0	2	0	0	0
S31	643	219	1140	245	1021	48	13	257	105	539	177	484	40	266	335	260	91	326	271	169	9	150	222	31	78	236	0	220	284	371	97	116	130	0	110	49	0	0	66	80	0	129	55	143	66	19	59	120	21	24	69	30	118	4	62	9	71	137	1	46	109	25	37	19	41	46	25	33	27	103	63	3	28	0	76	7	84	24	0	25	12	0	61	16	25	0	17	7	0	10	0	46	71	22	40	170	35	0	50	34	27	0	17	0	0	29	49	25	0	43	27	9	5	27	21	55	1	0	25	0	59	13	0	38	0	0	23	0	0	7	90	13	0	11	0	21	4	1	0	5	6	15	0	41	14	18	29	12	0	39	18	0	39	6	12	0	12	17	4	7	0	0	9	0	10	2	16	5	10	13	3	36	14	18	25	65	27	0	9	26	18	0	9	0	15	0	25	0	17	0	12	0	13	23	15	7	6	0	0	0	0	0	10	14	25	0	7	0	10	0	11	8	10	0	21	22	0	13	0	0	13	10	0	0	0	0	0	4	0	0	21	0	12	0	20	0	36	6	13	0	10	0	0	0	0	8	16	2	4	0	0	0	0	0	0	14	1	2	12	0	0	3	0	0	0	0	14	3	10	0	0	0	0	8	10	0	0	9	11	5	0	3	0	0	5	0	0	35	0	28	0	0	0	0	0	0	0	0	0	0	0	0	0	0	0	13	0	3	5	14	0	0	0	0	0	0	0	0	0	13	0	11	5	0	1	0	0	7	0	0	0	0	5	0	0	1	0	0	0	14	0	0	0	13	11	0	0	0	11	0	0	0	0	2	0	0	0	0	0	0	0	0	5	0	0	0	0	0	0	10	0	5	0	0	4	0	0	0	2	6	0	0	0	0	0	4	0	0	7	0	0	0	0	0	0	0	0	0	0	0	0	0	0	2	0	0	0	0	1	5	0	0	0	0	0	0	0	0	0	0	0	0	0	0	0	0	0	0	0	0	0	0	0	0	0	0	0	0
S32	1431	831	1246	582	874	279	154	436	200	300	174	406	89	161	338	148	200	233	164	180	101	224	204	96	41	73	0	119	91	76	156	116	125	0	48	77	0	0	41	51	26	66	127	82	61	0	47	40	60	36	48	28	61	17	42	40	23	38	12	39	26	64	26	32	59	27	18	49	36	37	47	25	13	0	22	21	18	35	0	20	25	27	12	14	36	3	44	36	23	32	0	52	60	29	26	40	30	4	18	50	10	0	25	0	0	63	14	31	0	19	12	35	4	9	13	26	17	21	17	0	15	36	0	0	0	0	31	0	12	19	0	0	0	14	4	32	30	13	14	0	14	14	0	21	3	14	0	0	7	0	8	0	34	15	7	0	0	20	16	19	0	0	6	0	25	5	0	8	24	21	6	0	33	20	17	0	0	0	8	11	6	11	27	29	14	0	0	28	0	7	4	0	0	0	8	11	15	0	0	0	0	0	4	0	6	0	0	11	0	0	0	11	14	0	0	0	5	0	0	0	0	3	0	0	14	0	0	6	0	31	3	7	0	0	11	3	6	6	0	0	0	3	0	9	0	6	0	0	9	0	12	0	0	0	0	0	0	2	7	11	0	3	0	0	0	0	12	0	8	0	0	0	10	6	11	0	0	0	0	0	0	0	4	0	3	19	3	5	0	0	0	0	0	0	0	0	0	4	0	0	0	0	0	0	0	0	0	0	0	12	4	0	0	0	0	4	0	0	0	0	0	0	0	1	0	0	0	0	0	0	0	0	3	0	0	7	8	0	0	0	0	0	0	0	6	0	0	0	0	0	0	0	0	0	0	0	1	0	0	6	0	0	0	0	0	0	0	0	0	0	0	2	0	0	0	0	0	0	0	0	0	0	0	0	0	0	0	0	0	0	0	0	0	0	0	2	0	0	0	0	0	0	2	0	0	0	0	0	2	2	0	10	0	4	0	0	0	0	0	0	0	0	0	0	2	0	1	0	0	0	0	0	0	0	0	0	0	0
S34	1670	2095	649	1237	219	854	741	367	310	64	552	72	168	60	141	42	235	141	61	63	343	160	37	134	139	14	0	21	42	19	93	38	56	160	9	81	90	66	0	52	132	9	8	40	29	84	36	4	26	60	17	12	42	51	28	42	0	29	63	14	0	2	0	13	29	4	43	27	16	0	1	34	25	0	0	22	14	33	32	8	22	0	0	0	17	18	10	36	25	40	20	0	0	9	9	9	0	11	0	11	0	0	22	25	0	10	8	11	21	0	8	11	7	0	4	28	0	35	12	29	0	20	23	17	26	40	8	15	32	10	0	10	0	2	11	18	12	15	10	0	27	0	0	4	0	13	0	6	0	0	6	0	0	10	9	0	0	0	18	7	0	30	8	16	6	6	23	4	0	0	0	0	0	0	5	0	0	0	13	0	0	7	9	0	0	0	0	0	0	4	0	0	0	0	0	8	8	0	0	0	0	0	1	0	0	0	0	4	4	6	0	7	11	8	0	0	1	0	0	20	19	0	0	0	0	7	2	0	0	0	0	0	0	0	0	0	0	1	0	0	3	1	11	0	13	3	0	0	1	0	0	2	0	11	0	0	0	3	0	0	2	0	0	0	0	0	0	0	0	0	0	0	0	4	0	9	9	0	0	0	0	0	3	0	1	0	0	0	0	0	0	0	0	0	0	0	0	0	0	0	0	1	2	1	0	0	8	0	0	0	0	0	0	0	0	0	3	0	0	0	2	0	0	0	6	0	0	0	0	0	0	3	0	0	0	0	0	0	0	0	8	0	0	0	0	0	0	0	0	0	0	0	0	0	0	0	0	0	0	0	6	0	0	0	0	0	0	0	0	0	0	0	0	0	0	0	0	0	1	0	0	0	0	0	0	0	0	0	0	2	7	0	0	0	0	0	0	2	0	0	4	0	0	0	0	0	0	2	0	0	0	0	0	0	0	0	0	0	0	0	0	0	0	0	0	0	0	0	0	0	0	0	0	0	0	0	0	0
S35	797	1812	624	1040	187	1083	1711	936	349	74	223	98	1180	57	109	12	128	35	54	74	244	58	15	26	125	0	0	0	42	17	63	22	59	139	0	115	96	212	0	22	15	5	0	6	0	5	41	0	20	140	14	0	4	0	22	26	0	0	7	10	0	1	6	33	18	0	21	20	23	0	1	231	12	7	0	18	0	11	17	2	23	0	0	0	7	153	11	6	53	9	0	0	0	0	20	0	0	20	0	9	0	0	21	7	0	4	0	0	19	2	3	9	35	0	0	3	0	0	5	41	0	24	39	12	54	20	6	5	5	14	0	0	0	5	23	7	7	9	11	23	12	0	0	3	0	7	0	0	0	0	0	0	0	11	7	0	0	0	6	4	0	18	0	10	0	1	26	4	5	0	0	0	4	0	0	0	0	0	0	0	0	14	0	0	0	0	0	0	0	0	0	0	0	0	0	0	3	0	0	0	0	0	0	0	0	0	0	7	0	0	0	0	0	0	0	0	1	0	0	0	0	4	0	0	0	0	6	2	0	0	0	0	0	0	0	0	0	0	0	0	0	3	0	0	0	0	0	0	1	0	0	8	13	0	0	2	0	0	0	0	0	0	0	0	0	0	0	0	0	0	0	0	0	0	0	2	0	0	0	0	0	0	2	0	0	0	0	0	0	0	0	5	0	0	0	0	0	0	0	0	4	7	0	6	0	0	0	0	0	0	0	0	0	0	0	0	0	0	0	0	0	0	0	0	0	0	0	0	0	0	0	0	0	0	0	0	0	0	7	0	7	0	0	0	0	0	0	0	0	0	0	0	0	0	0	0	0	0	0	0	0	0	0	0	0	0	0	0	0	0	0	0	0	0	0	0	0	0	2	0	0	0	0	0	0	0	0	0	0	0	0	0	0	0	2	0	0	0	0	0	0	0	0	0	0	0	0	3	0	0	6	0	0	0	0	0	0	0	0	0	0	0	0	0	0	0	0	0	0	0	0	0	0	0	0	0	0	0
S37	1182	2132	629	1400	206	952	541	333	359	55	346	82	116	88	209	29	182	303	32	55	336	212	28	205	93	4	0	18	32	29	145	40	69	166	0	84	110	81	0	74	119	14	6	25	25	126	74	0	18	57	17	0	51	50	25	35	0	34	76	26	0	26	3	3	20	0	50	12	14	0	2	50	19	16	0	28	15	40	37	6	13	0	0	7	17	17	8	36	35	45	6	0	0	11	4	0	17	22	0	26	0	0	14	16	0	12	5	12	36	0	7	23	4	0	0	28	0	45	16	16	0	19	14	22	26	15	16	23	46	8	0	20	54	3	4	17	27	3	9	0	42	0	0	0	5	16	0	0	0	0	9	0	0	11	7	0	0	0	28	11	0	0	15	32	2	3	25	1	10	0	6	0	5	0	5	0	0	10	0	0	3	0	12	0	0	0	0	0	0	7	0	0	0	0	8	4	7	0	9	0	0	0	0	0	0	0	0	9	0	8	5	2	10	10	0	0	9	0	0	11	17	0	0	0	0	14	14	8	0	0	0	0	0	0	0	0	7	0	0	0	0	4	0	0	0	2	0	0	2	0	2	12	15	10	0	0	0	11	0	0	0	0	30	0	0	8	0	6	0	0	0	0	0	5	0	13	7	0	0	0	0	0	0	0	0	0	0	0	0	1	0	1	0	0	0	0	0	0	0	13	6	0	0	2	0	0	0	0	5	0	1	0	4	0	0	7	0	0	0	0	4	0	0	0	0	0	0	0	0	0	0	0	0	0	3	0	9	0	0	0	0	3	0	0	0	0	0	0	0	0	0	0	0	0	0	0	0	0	0	0	0	0	0	0	3	0	0	0	0	0	0	0	0	0	0	0	0	0	4	0	0	0	0	0	4	0	0	3	0	0	0	0	0	0	2	6	0	0	0	0	0	0	0	0	0	0	3	0	0	0	0	0	0	0	0	0	0	0	0	0	0	4	0	0	1	0	0	0	0	0	0	0	0	0	0	0	0	0
S38	1834	1611	1007	837	380	551	602	398	323	101	262	151	126	114	224	97	191	159	54	110	136	194	129	167	65	16	0	79	57	53	106	102	91	62	8	83	33	77	24	67	84	23	51	35	32	130	47	35	73	49	41	21	35	49	73	63	0	36	54	10	20	51	33	17	27	11	31	44	21	22	34	26	22	13	0	51	0	43	20	36	32	0	6	5	30	30	38	37	19	24	15	0	21	18	11	13	20	3	10	32	0	0	28	41	0	16	13	7	36	8	16	15	3	7	0	20	16	31	36	18	0	8	7	24	0	19	13	12	14	15	0	12	35	11	9	26	14	11	0	6	7	6	0	14	0	21	10	8	0	0	9	3	0	7	11	0	8	0	20	10	0	0	0	22	0	1	0	16	15	7	3	0	9	0	10	0	0	0	0	8	0	11	11	0	0	0	0	0	0	3	0	0	0	0	7	7	5	0	0	0	0	0	0	0	5	0	11	10	0	4	0	11	0	11	3	0	17	0	0	0	2	0	0	0	0	13	5	4	0	0	4	0	0	0	5	0	0	0	0	0	0	5	0	0	0	5	0	4	7	0	3	8	11	0	0	0	0	5	8	0	0	0	0	0	0	5	0	1	4	0	0	0	0	2	0	0	0	0	0	0	0	0	2	0	0	0	0	0	0	0	0	0	0	0	0	0	0	0	0	0	0	0	2	0	0	0	0	0	3	0	0	0	0	0	0	0	0	0	0	0	10	0	0	0	0	0	0	0	0	0	0	0	1	0	0	0	0	0	0	0	0	0	0	0	0	0	0	0	0	9	0	0	0	0	0	0	0	0	0	0	0	0	0	0	0	0	0	0	0	0	0	0	0	0	2	0	4	0	0	0	0	0	0	0	0	0	0	0	0	0	0	0	0	0	0	0	0	0	0	0	0	1	0	0	0	0	0	0	0	0	0	0	0	0	0	0	0	0	0	0	0	0	0	0	0	0	0	1	0	0	0	0	0	0	0	0	0	1
S40	3187	2177	1357	675	295	381	99	289	211	125	531	231	59	124	274	212	80	104	58	163	62	127	146	23	59	31	0	93	50	53	75	38	55	0	18	61	0	0	0	44	23	44	58	23	53	8	17	27	60	23	31	21	31	12	23	14	28	32	6	13	0	29	39	15	68	19	12	27	8	0	22	19	33	0	0	20	17	55	0	18	6	0	0	0	19	12	28	15	13	32	0	0	21	16	0	11	25	0	2	34	0	0	0	9	0	5	4	0	0	7	31	42	3	0	13	25	7	0	22	0	0	16	0	0	0	29	21	3	7	7	0	5	0	6	4	10	15	33	0	7	15	5	0	15	6	0	0	0	0	18	9	0	0	6	0	0	0	0	16	0	0	0	10	0	0	2	0	2	10	6	35	0	5	0	13	0	0	0	8	5	0	0	20	0	13	0	0	0	13	0	2	0	0	0	0	6	3	10	0	0	0	0	7	7	0	0	3	0	0	0	2	0	0	0	5	3	0	0	0	0	7	7	0	0	0	0	0	6	0	0	3	0	0	0	0	0	0	4	0	0	7	0	0	5	0	2	0	5	7	0	0	0	0	0	0	0	0	2	0	0	0	2	0	0	0	0	0	4	0	0	0	0	11	4	0	0	0	0	0	8	0	0	0	0	0	0	0	2	0	0	0	0	0	0	0	20	0	0	0	19	0	0	0	0	0	0	0	0	3	0	5	0	0	0	0	0	0	0	0	0	0	0	0	0	3	0	0	4	0	0	0	8	4	0	0	4	0	0	0	0	0	0	0	0	0	0	0	0	0	0	0	0	0	0	0	0	0	0	6	0	0	0	0	0	0	0	0	0	0	0	0	0	0	3	0	0	0	0	0	0	0	0	0	0	0	0	0	2	0	0	0	0	0	5	0	0	0	0	0	0	0	0	0	0	0	0	0	0	0	0	0	0	0	0	0	0	0	0	0	0	0	0	0	0	0	1	0	0	0	0	0	0	0	0	0	0	0	0
S41	3229	1797	1236	652	369	467	190	385	239	190	0	155	106	151	192	222	58	170	93	184	113	109	110	0	38	74	174	35	56	108	54	64	58	0	19	74	0	36	0	57	68	39	54	36	32	0	23	27	67	0	38	21	47	49	25	13	0	22	38	24	17	29	31	16	47	11	62	30	23	0	14	15	35	0	0	24	0	41	0	18	19	89	7	14	30	8	28	17	42	41	0	0	38	27	26	39	20	7	0	25	0	0	20	0	115	0	16	0	20	5	23	40	0	0	11	21	18	0	36	16	0	11	5	0	0	0	13	9	22	20	0	0	0	22	4	0	15	16	14	0	12	5	0	5	8	7	0	0	0	0	0	0	0	0	0	0	0	17	0	0	0	0	19	0	0	2	0	4	0	12	0	0	13	0	0	0	0	0	0	0	0	0	0	0	0	0	0	0	0	0	2	0	0	0	0	12	0	0	0	0	0	0	5	2	0	0	13	0	2	0	0	0	0	0	0	0	5	0	0	0	0	15	0	0	0	0	5	0	0	0	8	0	0	0	0	0	0	0	0	0	0	0	0	0	0	3	0	5	7	0	12	0	0	0	0	0	0	0	0	0	16	0	0	0	0	0	0	0	0	16	0	0	0	0	0	0	0	0	0	0	0	0	0	0	0	0	0	0	0	0	0	8	0	0	0	0	0	0	0	0	0	0	0	0	0	0	0	0	0	0	0	0	0	0	0	4	0	0	0	0	0	0	0	0	0	0	0	0	0	0	0	3	0	0	0	7	0	0	0	0	0	0	0	0	0	0	0	0	0	0	0	0	0	0	0	0	0	0	0	0	0	0	0	0	0	0	0	0	0	0	0	0	0	0	0	0	0	0	0	0	0	0	0	0	0	0	0	0	0	0	0	0	4	0	0	0	0	0	0	0	0	0	6	0	0	0	0	0	0	0	0	0	0	0	0	0	0	0	0	0	0	0	0	0	0	0	0	0	0	0	0	0	0	0	0	0	0	0
S42	3292	1871	1273	587	344	357	155	355	252	185	0	248	114	139	180	186	88	147	76	157	110	153	149	0	66	62	213	74	50	70	126	67	73	0	17	51	0	0	34	59	6	35	73	50	36	0	30	23	68	36	49	16	34	0	37	21	22	25	9	12	15	37	26	11	70	17	33	29	12	24	39	19	43	0	0	19	0	51	0	13	14	17	12	12	22	8	23	32	0	48	11	0	30	16	19	15	13	0	5	37	0	0	19	0	29	0	6	33	23	8	21	38	0	14	11	22	7	0	21	0	0	17	1	0	0	22	31	0	5	8	0	0	0	22	0	0	18	29	0	0	0	3	0	5	3	12	0	0	0	0	5	0	0	5	4	0	0	9	3	0	0	0	0	0	0	0	0	2	12	15	33	0	7	0	8	0	0	0	0	3	6	0	15	0	17	0	0	0	0	12	5	0	0	0	0	6	9	0	0	0	0	0	9	0	4	0	0	6	0	0	0	0	0	0	11	2	2	0	0	0	5	10	0	0	0	1	0	6	0	0	7	0	0	0	0	0	0	2	0	0	2	0	0	1	0	0	7	6	9	0	0	0	0	0	0	0	0	0	0	9	0	0	0	0	0	0	0	4	0	15	0	0	0	0	0	0	0	0	0	0	0	0	0	0	2	0	4	0	0	0	0	0	0	0	0	0	0	7	0	12	0	0	0	0	0	0	0	0	0	0	0	0	0	0	0	0	0	0	0	0	0	0	0	0	0	0	0	0	0	0	0	1	0	0	6	0	0	0	0	0	0	0	0	0	0	21	0	0	0	0	0	0	0	0	0	0	0	0	0	0	0	0	0	0	0	0	0	0	0	0	0	0	0	0	0	0	0	0	0	0	0	0	0	0	0	0	0	1	0	0	0	0	0	0	0	0	0	0	0	0	0	0	0	0	0	0	0	0	0	0	0	0	0	0	0	0	0	0	0	0	2	0	0	0	1	0	0	0	0	0	0	0	0	0	0	0	0	0
S43	2564	1938	1134	684	272	522	413	386	343	143	0	165	111	114	176	150	154	110	104	160	145	86	80	0	97	35	330	53	42	67	150	43	92	69	11	55	17	32	29	76	49	29	80	35	36	0	44	18	38	16	36	34	29	15	40	42	8	27	21	0	10	45	22	25	52	8	22	40	18	39	14	16	37	15	0	17	0	36	0	15	21	58	9	19	31	40	37	31	24	38	13	0	17	21	20	9	17	11	8	17	0	0	43	29	94	0	12	0	20	5	22	19	5	4	6	10	11	34	23	12	0	8	0	18	0	19	23	8	17	20	0	0	0	15	8	11	20	33	0	0	0	4	0	11	12	0	0	0	0	0	0	0	0	11	12	0	0	19	0	9	0	0	12	8	0	8	0	3	11	12	0	0	6	0	3	0	0	0	3	9	0	0	0	0	6	0	0	0	0	0	8	0	0	0	7	0	8	0	0	0	23	0	7	0	0	0	6	3	1	18	0	0	0	10	0	4	10	0	0	0	0	0	0	0	0	7	6	0	0	0	0	0	0	0	4	0	0	0	0	0	0	3	0	0	4	0	0	0	5	6	4	0	0	0	0	0	0	0	0	0	9	0	0	0	0	6	0	0	0	18	0	0	0	0	0	1	0	0	0	0	0	0	0	0	0	0	4	0	0	0	0	0	4	0	0	0	0	0	0	0	5	0	0	0	0	0	0	0	0	0	0	0	0	0	0	0	0	0	0	0	0	0	0	0	0	0	0	0	0	0	0	0	0	0	0	0	0	0	0	0	0	0	0	0	0	0	0	0	0	0	0	0	0	0	0	0	3	0	0	0	0	0	0	0	3	0	0	0	0	0	0	0	0	0	0	0	0	0	0	0	0	0	0	0	0	0	0	0	0	0	0	0	0	0	0	0	0	0	0	0	0	0	0	0	0	0	0	0	0	0	0	0	0	0	0	0	0	0	0	0	7	0	0	0	0	0	0	0	0	0	0	0	0	0	0	0	0	0
S44	2747	2001	935	678	321	587	396	338	301	149	440	141	140	105	167	149	101	189	73	159	130	103	138	0	85	37	0	54	51	52	125	62	85	47	12	72	29	67	31	58	41	21	73	31	49	0	42	25	55	39	33	20	24	26	64	57	0	27	24	0	3	37	20	16	54	21	24	41	23	0	24	28	29	0	0	30	17	40	0	22	36	81	0	0	26	16	37	33	0	38	25	0	13	8	19	22	13	0	15	12	0	0	0	16	0	9	15	0	25	10	14	18	0	0	6	13	11	0	25	27	0	12	0	0	0	29	23	0	15	17	0	0	0	12	0	0	17	20	10	0	0	5	0	11	0	0	0	6	0	0	6	0	0	0	9	100	0	0	0	0	0	0	7	4	2	0	0	0	0	12	20	0	0	0	6	0	0	0	10	0	0	0	0	0	8	0	0	0	0	0	0	0	0	0	5	4	6	0	0	0	24	0	5	4	0	0	0	0	0	0	0	8	0	14	2	4	6	0	0	0	0	0	0	0	0	8	4	6	0	0	0	0	0	0	0	0	1	0	0	0	6	3	4	0	0	0	0	3	7	0	0	0	0	0	0	0	0	0	0	10	0	0	0	0	0	0	0	0	0	0	0	0	0	0	0	0	0	0	0	0	0	0	0	0	0	0	2	0	0	0	0	0	0	0	0	0	0	0	0	0	0	0	0	0	0	0	0	0	0	0	0	0	0	0	0	0	0	0	0	0	0	0	0	0	0	0	0	0	0	0	0	3	0	0	7	1	0	0	0	0	0	0	0	0	0	0	0	0	0	0	0	0	0	0	0	0	0	0	0	0	0	0	0	3	0	0	0	0	0	0	0	0	0	0	0	0	0	0	0	0	0	0	0	0	0	0	0	2	0	0	0	0	0	0	0	0	0	0	0	0	0	1	0	0	0	0	0	0	0	0	0	0	0	0	0	0	0	0	0	0	0	0	0	0	0	0	0	0	0	0	0	0	0	0	1	0	0	0
S45	3066	1950	1061	660	269	565	393	370	305	130	0	173	106	119	150	129	80	143	56	134	206	82	144	0	79	55	211	78	38	71	120	61	101	0	12	61	15	29	0	81	34	33	68	43	27	0	41	17	56	29	37	30	32	16	27	32	0	10	21	29	7	40	21	16	54	19	48	44	16	25	23	7	31	0	0	26	15	27	0	28	13	67	5	0	34	16	30	20	22	27	14	0	22	12	25	26	13	0	16	26	0	0	22	0	100	14	18	0	29	9	19	19	0	0	0	14	7	33	31	24	0	10	2	0	0	0	10	12	9	10	0	0	0	16	2	0	25	23	0	0	0	11	0	8	0	14	0	0	0	24	6	0	0	15	9	0	0	0	0	0	0	0	7	1	9	4	0	8	0	21	7	0	5	0	2	0	0	0	0	7	0	0	0	25	8	0	0	0	0	0	5	0	0	6	7	5	4	0	0	0	0	0	10	0	0	0	2	0	0	10	8	5	0	0	0	0	10	0	0	0	0	0	0	0	0	1	4	0	0	0	0	0	0	0	0	0	0	0	0	0	0	0	0	0	0	0	0	2	8	0	3	0	0	0	0	0	0	0	4	0	0	0	0	0	0	6	7	0	0	0	0	0	0	0	0	0	0	0	0	0	0	0	1	0	2	0	0	0	0	0	0	0	0	0	0	0	26	9	0	0	0	0	1	0	0	0	0	0	0	0	0	0	0	0	0	0	0	0	0	0	0	0	0	0	0	0	0	0	0	0	0	0	0	0	0	0	0	0	0	0	0	6	0	0	0	0	0	0	0	0	0	0	0	0	0	0	3	0	0	0	0	0	0	5	0	0	0	0	0	0	0	0	0	0	0	0	0	0	0	0	0	0	0	0	0	0	0	4	0	0	0	0	0	0	0	0	0	0	0	0	0	0	0	0	0	0	0	0	0	0	0	0	0	0	0	0	0	0	0	0	0	0	0	0	0	0	0	0	0	0	0	0	0	0	0	0	0	0
S46	2097	3178	381	762	202	993	778	365	402	42	603	15	358	39	91	2	122	54	53	0	165	25	10	56	180	10	0	0	33	0	57	62	43	69	0	67	129	148	0	47	80	4	0	21	0	0	58	0	42	110	32	0	4	0	0	17	0	32	19	8	0	3	0	13	12	0	58	21	33	0	0	19	15	145	0	20	0	0	84	0	23	39	0	0	2	28	6	0	36	10	8	0	0	0	0	0	0	119	0	0	0	0	0	22	0	0	0	40	30	0	1	0	27	0	0	11	0	0	7	28	0	11	37	0	0	36	0	52	8	8	0	38	0	18	6	0	12	0	21	40	11	0	0	15	0	0	0	0	0	0	0	21	0	12	0	0	12	0	6	0	0	0	15	7	0	11	0	4	0	0	8	0	0	0	3	0	0	0	0	0	0	0	0	0	0	0	0	0	0	0	0	0	0	0	0	7	0	0	23	0	22	0	0	0	0	0	0	0	5	0	0	0	0	0	0	0	0	0	0	0	0	0	0	0	0	1	11	0	0	0	0	0	0	0	0	0	0	0	0	0	0	0	0	0	7	0	0	0	0	0	0	1	0	0	0	13	0	0	0	0	0	0	0	0	0	0	0	0	0	0	0	0	0	0	0	5	0	0	0	0	8	0	8	0	0	0	0	0	0	0	9	0	0	0	0	0	0	0	12	0	0	7	4	0	0	0	0	0	0	0	0	0	0	4	0	4	0	0	0	0	0	0	0	0	0	4	0	0	0	0	0	0	0	0	0	0	0	5	8	0	0	0	0	0	0	0	0	0	0	0	0	0	9	0	0	0	0	0	0	0	0	0	0	0	4	0	0	0	0	0	0	0	9	0	0	0	0	3	0	0	0	3	0	0	0	0	0	0	0	0	0	0	0	0	0	0	0	0	0	0	0	0	0	0	0	0	0	0	0	0	0	0	0	0	0	0	0	0	0	0	0	0	0	0	0	0	0	0	0	0	0	0	0	0	0	0	0	0
S47	904	2484	418	1091	180	814	729	533	550	74	0	41	436	40	138	13	59	51	70	47	136	33	30	0	243	7	846	0	26	31	139	86	87	61	0	61	231	175	0	85	137	4	12	28	0	0	107	0	39	42	31	0	20	14	14	11	0	7	54	0	0	7	3	9	18	0	56	42	108	0	0	30	42	147	0	11	0	0	79	0	71	81	0	0	13	30	14	0	18	21	13	0	0	2	12	0	0	52	0	4	0	0	22	52	129	0	3	30	28	6	1	0	55	0	0	2	0	0	0	8	0	8	76	0	14	17	7	49	10	12	0	32	31	0	8	0	17	11	12	48	20	0	0	6	0	0	0	0	0	0	0	47	0	11	5	0	23	0	0	0	0	27	6	4	0	0	0	4	0	0	0	0	0	0	0	0	0	0	0	0	0	0	0	27	0	0	0	0	0	0	1	0	41	0	0	2	5	0	20	0	0	0	1	0	0	0	8	0	4	0	0	0	0	0	0	0	7	0	17	0	0	2	0	0	0	0	4	0	0	0	0	0	0	0	0	0	0	0	0	0	0	1	0	0	0	0	0	0	0	0	0	1	0	0	0	0	0	2	0	0	5	0	0	11	0	7	0	0	0	0	0	0	0	0	0	2	0	0	0	0	12	0	2	0	0	0	0	0	0	0	11	0	0	0	0	0	0	0	14	0	11	6	4	8	0	0	0	0	0	0	0	0	11	14	16	2	0	0	0	0	0	0	0	5	0	13	0	0	0	0	0	0	0	0	0	0	0	9	9	0	0	0	0	0	0	7	0	0	0	0	0	0	0	0	0	0	0	0	0	0	0	0	0	0	0	0	0	0	0	0	0	0	4	0	0	0	0	4	0	0	0	0	0	0	0	0	5	0	0	0	0	0	0	0	0	0	0	0	0	0	0	1	0	0	0	0	0	4	0	0	0	0	0	0	0	0	0	0	0	0	0	0	0	0	0	0	0	0	0	0	0	0	0	0	0	0	0	0
S49	1051	2876	382	1077	214	812	588	624	477	71	726	39	459	38	131	9	93	48	49	0	172	38	9	0	261	0	0	0	17	0	88	65	36	74	0	110	142	118	0	63	110	6	10	29	0	0	74	0	33	81	8	3	7	0	0	26	0	0	36	0	0	5	0	6	14	0	92	26	45	0	0	27	31	244	0	22	0	19	84	0	34	49	0	0	5	46	2	0	26	18	20	0	0	0	0	0	0	75	0	7	0	0	19	74	54	0	0	0	18	0	0	0	160	0	0	5	0	0	0	0	0	25	43	31	20	0	6	46	6	13	0	34	0	0	14	0	13	9	23	32	11	0	0	0	6	0	0	0	0	0	0	27	0	18	5	0	22	0	0	0	0	0	10	5	0	1	0	0	0	0	7	20	0	0	0	0	0	0	0	0	0	0	0	0	0	0	0	0	0	0	0	0	77	4	0	0	0	0	26	0	31	0	0	0	0	42	9	0	7	0	0	0	13	0	0	0	0	0	66	0	0	0	0	0	0	2	5	0	0	0	0	0	0	0	0	0	0	0	0	0	0	0	0	0	6	0	0	0	0	0	0	0	0	0	0	0	0	2	0	0	0	0	0	15	0	0	0	0	0	0	0	0	0	0	0	0	0	0	0	0	17	0	0	0	7	0	0	0	0	0	9	13	0	0	0	0	0	0	11	0	8	7	1	9	0	0	0	0	0	0	0	0	0	4	9	6	0	0	0	0	0	0	0	0	0	9	0	0	0	0	0	0	0	0	0	0	0	8	0	0	0	0	0	0	0	0	0	0	0	0	0	0	16	0	0	0	2	0	0	0	0	0	0	0	0	0	0	2	0	0	0	0	6	0	0	0	0	4	0	0	0	14	0	0	0	0	12	0	0	0	0	0	0	0	0	0	0	0	0	0	0	0	0	0	0	0	0	0	0	0	0	0	0	0	0	0	0	0	0	0	0	0	0	0	0	0	0	0	0	0	0	0	0	0	0	0	0	0
S50	1462	3384	374	894	172	1127	583	465	498	330	0	45	295	42	88	17	84	81	46	0	194	30	18	0	246	8	487	0	19	0	91	48	56	89	0	46	138	128	0	60	134	6	19	18	19	0	65	0	28	38	21	0	23	7	0	18	0	0	27	11	0	0	0	6	11	12	67	26	34	0	0	29	20	95	0	12	0	0	50	0	34	79	0	0	13	50	7	0	12	26	11	0	0	8	0	0	0	39	0	2	0	0	0	46	0	0	0	7	17	0	0	4	48	0	0	5	0	0	0	16	0	8	37	37	0	30	10	38	10	6	0	0	38	7	6	0	10	8	0	11	16	0	0	0	0	0	0	0	0	0	0	39	0	5	5	112	23	7	0	0	0	24	6	2	0	0	0	0	0	0	0	0	0	0	0	0	0	0	0	0	0	0	0	0	0	0	0	0	0	0	0	0	0	0	0	0	0	0	12	0	0	0	2	0	0	43	8	0	0	0	0	0	0	10	0	0	0	0	0	0	0	5	0	0	19	0	0	3	0	0	0	0	0	0	0	0	0	0	0	0	0	0	0	0	0	0	0	0	0	0	0	2	0	0	0	0	0	2	0	0	18	0	0	8	0	0	0	0	0	0	0	0	0	0	0	5	0	0	0	0	3	0	0	0	0	0	0	0	0	0	0	0	0	0	0	0	0	0	0	0	0	6	0	0	0	0	0	0	0	0	0	0	0	1	4	0	5	0	0	0	8	0	0	4	0	0	0	0	0	0	0	0	0	0	0	0	0	0	0	0	0	3	0	0	0	0	0	0	0	0	0	0	0	0	0	0	0	0	0	0	0	0	0	0	0	0	0	0	0	0	0	0	0	0	0	0	0	0	0	0	0	0	0	0	0	0	0	0	0	0	0	0	0	0	0	0	0	0	0	0	0	0	0	0	0	0	0	2	0	0	0	0	0	0	0	0	0	0	0	0	0	0	0	0	0	0	0	0	0	0	0	0	0	0	0	0	0	0
S51	1620	3093	408	939	213	930	393	375	481	80	539	22	236	35	100	24	105	75	39	46	156	38	6	155	316	11	0	0	20	0	116	40	74	125	0	35	182	96	0	60	152	9	0	37	13	0	85	0	31	49	0	0	13	7	14	17	0	15	59	17	0	0	6	9	11	0	87	15	46	0	0	14	16	173	0	25	0	26	61	0	19	90	0	0	6	36	5	14	17	21	21	0	0	4	11	0	0	75	0	5	0	0	14	56	0	0	0	29	23	0	0	0	35	0	0	0	0	0	19	21	0	8	51	44	37	29	5	62	12	14	0	0	48	6	5	0	21	9	15	25	24	0	0	2	0	0	0	0	0	0	0	32	0	9	5	0	31	9	0	0	0	16	9	6	0	0	0	0	0	0	0	0	0	0	0	0	0	0	0	0	0	0	0	0	0	0	0	0	0	0	0	0	29	5	8	2	0	0	17	0	0	0	0	0	0	26	7	0	3	0	0	0	0	10	0	0	4	0	0	0	0	5	0	0	19	0	5	3	0	0	0	0	0	0	0	0	0	0	0	0	0	0	0	0	4	0	0	0	0	0	0	5	7	0	0	0	0	5	0	0	0	0	0	0	0	0	0	0	0	0	0	0	0	0	0	5	3	0	0	0	9	0	6	0	0	0	0	0	0	0	12	0	0	0	0	0	0	0	14	0	0	0	0	5	0	0	0	0	0	0	0	0	10	4	12	0	0	0	0	0	0	0	0	10	0	13	0	0	0	0	0	0	0	0	0	0	0	3	1	0	0	0	0	0	0	0	0	0	0	0	11	0	0	0	0	0	0	0	0	0	0	0	0	0	2	0	0	0	0	0	0	0	0	0	0	0	0	4	0	0	0	0	0	0	0	0	0	0	0	0	0	0	0	0	0	0	0	0	0	0	0	0	0	0	0	0	0	0	0	0	0	0	0	0	0	0	0	0	0	0	0	0	0	0	0	0	0	0	0	0	0	0	0	0	0	0	0	0
S52	1307	2386	594	931	253	801	747	947	548	89	0	57	410	81	104	22	64	61	85	62	157	43	15	0	115	8	374	0	39	0	109	76	69	117	0	80	228	251	0	62	92	6	0	30	0	0	72	0	25	96	25	0	9	0	0	21	0	8	21	17	0	4	0	7	18	0	42	31	59	0	0	45	32	69	0	21	0	0	107	0	22	37	0	0	17	23	17	9	28	12	13	0	0	3	23	0	0	81	0	13	0	0	0	24	0	0	0	39	32	0	0	0	85	0	0	0	0	0	5	29	0	22	98	0	29	28	12	22	15	21	0	17	49	17	11	0	19	19	23	41	13	0	0	0	0	0	0	0	0	0	0	12	0	13	25	79	13	0	0	0	0	22	12	6	0	6	0	0	0	0	11	0	8	0	0	0	0	0	0	3	2	14	0	0	0	0	0	0	0	0	0	0	0	0	0	0	5	0	0	0	42	0	0	0	0	36	0	0	0	0	0	0	0	0	0	0	0	0	0	0	0	0	0	0	0	0	2	0	0	0	0	0	0	0	0	0	0	0	0	0	0	0	0	0	3	0	0	0	0	0	0	0	0	9	0	0	0	0	0	0	0	0	0	11	0	0	0	0	0	0	0	0	0	0	0	0	0	0	0	0	5	0	0	0	0	0	0	0	0	0	0	14	13	0	0	0	0	0	10	0	0	0	4	4	0	0	0	0	0	0	0	0	0	0	0	0	0	0	0	0	0	0	0	13	0	0	0	0	0	0	0	0	0	0	0	0	0	0	5	0	0	0	0	0	0	0	14	0	0	0	0	0	0	0	0	0	0	0	0	0	0	0	0	0	0	0	0	0	0	0	0	0	0	0	0	0	0	0	0	0	0	0	0	0	0	0	0	0	0	0	0	0	0	0	0	0	0	0	0	0	0	0	0	0	0	0	0	0	0	0	0	0	0	0	0	0	0	0	0	0	0	0	0	0	0	0	0	0	0	0	0	0	0	0	0	0	0	0
S53	1714	2727	736	1085	191	881	454	363	388	85	0	82	141	93	151	68	104	136	71	83	250	118	71	0	127	10	407	19	29	45	149	41	58	76	0	50	128	113	0	88	118	11	17	29	25	0	36	0	45	45	26	5	31	28	38	36	0	15	47	0	0	5	11	3	53	4	49	30	19	0	9	21	20	16	0	21	0	24	38	12	35	97	0	0	16	15	34	20	14	49	13	0	14	8	20	0	0	8	0	15	0	0	19	25	134	0	5	24	28	0	0	12	0	0	0	5	0	37	11	22	0	3	27	0	0	27	12	7	35	16	0	0	42	7	3	0	19	10	19	0	16	3	0	13	0	16	0	0	0	0	5	7	0	0	6	0	0	13	4	13	0	0	4	16	0	5	0	0	0	4	11	0	3	0	6	0	0	0	0	1	0	8	0	19	6	0	0	0	0	0	0	0	0	0	6	7	4	0	0	0	0	0	0	0	0	0	5	7	3	0	5	0	0	9	0	0	4	0	0	0	1	0	0	0	8	4	9	1	0	0	0	0	0	0	0	0	0	1	0	0	0	2	0	5	0	0	0	0	0	0	0	6	2	0	0	10	0	7	0	0	0	0	33	0	0	0	0	0	0	12	0	0	0	0	7	9	5	0	0	0	0	0	2	0	0	8	0	0	0	0	0	0	0	0	0	0	0	0	0	0	8	0	4	0	0	0	0	0	0	0	0	0	0	0	0	0	0	0	0	0	0	0	0	0	0	0	0	0	3	0	0	0	0	0	0	0	0	0	0	0	8	7	0	5	0	0	0	0	0	0	0	0	0	0	0	0	0	0	0	0	4	0	0	0	0	0	0	0	0	0	0	0	0	0	0	0	0	0	0	0	0	0	0	0	0	0	0	0	0	0	0	0	0	0	0	0	0	0	0	0	0	0	0	0	0	0	0	0	0	0	0	0	0	0	0	0	0	0	0	0	0	3	3	0	0	0	0	0	0	0	0	0	0	0	0	0	1	0
S54	1946	3259	608	947	190	1097	506	335	340	74	0	58	146	79	103	86	65	130	60	135	230	77	52	127	179	11	342	20	26	36	135	12	83	57	0	54	88	72	0	70	128	5	29	50	31	0	33	0	46	31	59	0	22	27	25	36	0	11	52	0	0	9	0	5	36	13	40	20	20	0	7	0	14	9	0	14	0	0	37	13	27	81	0	0	21	22	35	20	0	28	11	0	0	11	0	0	0	0	0	20	0	0	0	46	0	12	5	0	26	0	6	13	0	0	0	14	0	0	34	23	0	5	0	0	0	31	20	8	32	9	0	0	0	0	0	0	24	23	28	0	18	0	0	17	0	0	0	0	0	0	3	14	0	0	4	0	0	0	0	0	0	39	17	15	6	5	0	2	0	0	12	0	0	0	3	0	0	0	0	0	0	0	0	0	0	0	0	0	0	0	0	0	0	0	5	0	4	0	0	0	0	0	0	0	0	0	0	0	0	0	0	0	0	11	0	0	4	0	0	0	0	0	0	0	0	0	5	0	0	0	0	0	0	0	0	0	0	0	0	0	0	0	0	0	0	0	0	0	2	0	5	0	0	0	0	0	0	0	0	0	0	0	0	0	0	4	0	0	0	0	0	0	0	0	0	0	0	0	0	0	0	0	0	0	4	0	0	0	0	0	0	0	9	0	0	0	0	0	0	0	0	0	3	0	0	0	0	0	0	0	0	0	0	0	0	2	0	0	0	0	7	0	0	0	0	0	0	0	0	0	0	0	0	0	6	3	0	0	0	0	0	7	0	0	0	0	0	0	0	0	0	0	0	0	0	0	0	0	0	0	0	0	0	0	0	0	0	0	0	0	0	0	0	0	0	0	0	0	0	0	0	0	0	0	0	0	0	0	0	0	0	0	5	0	0	0	0	0	0	0	0	0	0	0	0	0	0	0	0	0	0	0	0	0	0	0	0	0	0	0	0	0	0	0	0	0	0	0	0	0	0	0	0	0	0	0	0	0
S55	2434	2378	1191	872	300	597	452	369	339	154	0	128	70	61	181	89	37	131	89	193	87	89	111	26	243	20	354	27	39	78	99	39	69	75	8	60	0	0	0	63	27	9	69	36	37	0	52	0	57	54	50	8	24	0	37	5	0	26	19	0	3	7	8	9	54	11	30	56	66	0	12	20	19	20	0	23	0	24	0	0	16	23	0	0	19	20	42	21	0	29	17	0	13	7	0	12	0	0	0	23	0	0	21	22	0	0	2	30	31	0	6	11	0	0	0	10	4	28	25	27	0	14	11	0	0	50	19	16	13	29	0	15	0	18	5	21	37	13	0	0	32	0	0	12	0	0	0	0	0	38	4	15	0	16	0	0	9	0	0	0	0	0	11	0	0	0	0	0	0	5	3	0	6	0	2	0	0	0	0	1	0	0	16	0	0	0	0	0	0	4	0	0	0	0	0	12	5	0	15	0	16	0	1	0	0	0	0	0	0	0	9	0	0	0	0	0	0	0	0	0	0	8	0	0	0	0	10	4	0	0	0	0	0	0	0	0	3	0	0	0	0	1	0	2	0	6	0	0	5	4	5	0	0	0	0	20	0	6	0	0	0	0	0	0	0	0	0	0	0	12	0	0	0	0	0	6	0	0	0	0	0	0	2	0	5	0	0	0	0	0	0	11	0	0	0	0	0	0	0	0	0	0	0	0	0	0	0	0	0	0	0	0	0	0	0	0	8	0	0	0	2	0	0	0	0	0	0	0	0	0	0	1	0	0	0	1	0	0	0	0	0	0	0	0	0	0	0	2	0	0	0	0	0	0	0	0	11	0	0	0	0	0	0	4	3	0	0	0	0	0	0	0	0	0	0	0	0	0	0	0	0	0	0	0	0	0	0	0	0	0	0	0	6	0	5	0	0	0	0	0	0	0	0	0	0	0	0	0	0	0	0	0	0	0	0	0	0	0	0	0	0	0	3	0	1	0	0	0	0	0	0	0	0	0	0	0	0	0