Site1	Site2	Dist_Bray	Sim_Bray
1	2	0.1930835734870317	0.8069164265129682
1	3	0.17719648267198698	0.822803517328013
2	3	0.1948570161826646	0.8051429838173354
1	4	0.36111726889824874	0.6388827311017513
2	4	0.3656986625286337	0.6343013374713663
3	4	0.345821325648415	0.6541786743515849
1	5	0.4333111652996379	0.566688834700362
2	5	0.41712850070198776	0.5828714992980122
3	5	0.4208231729845563	0.5791768270154437
4	5	0.17586640065026232	0.8241335993497376
1	6	0.17268898248725337	0.8273110175127466
2	6	0.268085420823173	0.731914579176827
3	6	0.192344639030518	0.807655360969482
4	6	0.3528412029852952	0.6471587970147048
5	6	0.43907485406044483	0.5609251459395552
1	7	0.20623660681297568	0.7937633931870243
2	7	0.20002955737826056	0.7999704426217394
3	7	0.19167959801965564	0.8083204019803444
4	7	0.3367324318332964	0.6632675681667036
5	7	0.3878666962240449	0.6121333037759551
6	7	0.22522722234537795	0.774772777654622
1	8	0.21569496785635114	0.7843050321436489
2	8	0.2258922633562403	0.7741077366437596
3	8	0.20313308209561812	0.7968669179043819
4	8	0.37161013818074334	0.6283898618192567
5	8	0.41742407448459323	0.5825759255154068
6	8	0.23439000960614795	0.765609990393852
7	8	0.1615310721938964	0.8384689278061036
1	9	0.23439000960614795	0.765609990393852
2	9	0.2787999704426217	0.7212000295573783
3	9	0.2460651740190645	0.7539348259809355
4	9	0.35143722751791917	0.6485627724820808
5	9	0.4071528855390527	0.5928471144609473
6	9	0.2155471809650484	0.7844528190349516
7	9	0.1999556639326092	0.8000443360673908
8	9	0.1761619744328678	0.8238380255671323
1	10	0.41831079583240965	0.5816892041675903
2	10	0.43168550949530776	0.5683144905046922
3	10	0.38912288480011825	0.6108771151998817
4	10	0.35424517845267123	0.6457548215473288
5	10	0.3929653439739895	0.6070346560260105
6	10	0.38276804847410034	0.6172319515258997
7	10	0.40146309022389715	0.5985369097761029
8	10	0.3945171063326683	0.6054828936673318
9	10	0.3400576368876081	0.659942363112392
1	11	0.45954333850587453	0.5404566614941255
2	11	0.436710263799601	0.563289736200399
3	11	0.4048621887238602	0.5951378112761398
4	11	0.31264316855094954	0.6873568314490505
5	11	0.3463385797679746	0.6536614202320254
6	11	0.4350107145496194	0.5649892854503806
7	11	0.4247395256040789	0.5752604743959211
8	11	0.42547846006059264	0.5745215399394074
9	11	0.3897140323653292	0.6102859676346708
10	11	0.21539939407374567	0.7846006059262544
1	12	0.3288997265942511	0.671100273405749
2	12	0.35875267863740484	0.6412473213625951
3	12	0.3071011601270967	0.6928988398729032
4	12	0.32217542303997637	0.6778245769600236
5	12	0.37789108106110986	0.6221089189388902
6	12	0.2903273479642356	0.7096726520357644
7	12	0.32653513633340725	0.6734648636665928
8	12	0.31175644720313306	0.6882435527968669
9	12	0.28338136407300674	0.7166186359269933
10	12	0.2130348038129018	0.7869651961870983
11	12	0.2693416093992463	0.7306583906007538
1	13	0.3645163673982118	0.6354836326017882
2	13	0.3728663267568167	0.6271336732431834
3	13	0.33658464494199364	0.6634153550580064
4	13	0.34744698145274516	0.6525530185472548
5	13	0.4033843198108328	0.5966156801891672
6	13	0.32697849700731546	0.6730215029926845
7	13	0.3267568166703613	0.6732431833296386
8	13	0.29224857755117123	0.7077514224488288
9	13	0.26564693711667775	0.7343530628833222
10	13	0.19049730288923372	0.8095026971107663
11	13	0.2745880440404936	0.7254119559595065
12	13	0.19470922929136186	0.8052907707086381
1	14	0.35276730953964386	0.6472326904603561
2	14	0.3798862040936969	0.6201137959063031
3	14	0.30998300450750016	0.6900169954924998
4	14	0.30547550432276654	0.6945244956772334
5	14	0.352397842311387	0.6476021576886131
6	14	0.31286484888790367	0.6871351511120963
7	14	0.33185546442030595	0.668144535579694
8	14	0.3228404640508387	0.6771595359491613
9	14	0.29468706125766647	0.7053129387423336
10	14	0.18303406487844529	0.8169659351215547
11	14	0.22522722234537795	0.774772777654622
12	14	0.16943767087859307	0.8305623291214069
13	14	0.17638365476982193	0.8236163452301781
1	15	0.5785117860045814	0.4214882139954186
2	15	0.5622552279612798	0.4377447720387202
3	15	0.570457400428582	0.42954259957141805
4	15	0.38675829453927435	0.6132417054607257
5	15	0.3728663267568167	0.6271336732431834
6	15	0.5695706790807655	0.43042932091923447
7	15	0.5387571122441439	0.4612428877558561
8	15	0.5537574817113722	0.4462425182886278
9	15	0.5091997339835956	0.49080026601640436
10	15	0.2938742333555014	0.7061257666444987
11	15	0.32291435749649006	0.6770856425035099
12	15	0.41705460725633636	0.5829453927436636
13	15	0.37294022020246803	0.6270597797975319
14	15	0.35180669474617604	0.648193305253824
1	16	0.7160274883617823	0.2839725116382177
2	16	0.703022241927141	0.296977758072859
3	16	0.7073819552205719	0.2926180447794281
4	16	0.5417867435158501	0.4582132564841499
5	16	0.5300376856572822	0.46996231434271785
6	16	0.6866178969925367	0.3133821030074633
7	16	0.6886869134707752	0.31131308652922485
8	16	0.69703687282938	0.30296312717062
9	16	0.6600162565580433	0.3399837434419567
10	16	0.4864405527229735	0.5135594472770265
11	16	0.49057858567945023	0.5094214143205498
12	16	0.5833148599719205	0.41668514002807955
13	16	0.57636887608069165	0.42363112391930835
14	16	0.555309244070051	0.444690755929949
15	16	0.2928397251163822	0.7071602748836179
1	17	0.7263624607426565	0.27363753925734347
2	17	0.7028634768150748	0.2971365231849252
3	17	0.7057454276741179	0.29425457232588215
4	17	0.5636430814705339	0.4363569185294661
5	17	0.5221134306299648	0.47788656937003515
6	17	0.7225198595972658	0.27748014040273417
7	17	0.6791428043598744	0.3208571956401256
8	17	0.6900055422131904	0.30999445778680956
9	17	0.6681322741548125	0.33186772584518753
10	17	0.5392573434324773	0.46074265656752267
11	17	0.5330500646591539	0.46694993534084606
12	17	0.6207648254202845	0.37923517457971545
13	17	0.6186218363199705	0.3813781636800295
14	17	0.5915758359504896	0.40842416404951043
15	17	0.3500092370219841	0.649990762978016
16	17	0.23997783114723814	0.7600221688527619
1	18	0.7586640065026232	0.24133599349737678
2	18	0.7355353580137441	0.26446464198625586
3	18	0.7387866696224045	0.26121333037759553
4	18	0.6031921968521392	0.3968078031478608
5	18	0.5706051873198847	0.42939481268011526
6	18	0.7579250720461095	0.24207492795389052
7	18	0.7107071602748836	0.28929283972511644
8	18	0.7223084312421488	0.27769156875785117
9	18	0.6957806842533067	0.30421931574669325
10	18	0.5777728515480677	0.4222271484519323
11	18	0.5814675238306363	0.41853247616936373
12	18	0.6637109288406119	0.3362890711593881
13	18	0.6623069533732358	0.33769304662676425
14	18	0.6391044114387053	0.36089558856129467
15	18	0.40552722973472255	0.5944727702652775
16	18	0.2861893150077588	0.7138106849922412
17	18	0.12817291705154257	0.8718270829484575
1	19	0.7562904119711805	0.24370958802881948
2	19	0.7312396083502679	0.2687603916497321
3	19	0.7319785701089968	0.2680214298910032
4	19	0.5869203768704969	0.4130796231295031
5	19	0.538001108442638	0.46199889155736196
6	19	0.7523000184740439	0.24769998152595607
7	19	0.7106964714576021	0.28930352854239794
8	19	0.720229078145206	0.279770921854794
9	19	0.6938481433585812	0.30615185664141875
10	19	0.5692591908368742	0.43074080916312585
11	19	0.573101791982265	0.42689820801773504
12	19	0.6532791428043598	0.34672085719564016
13	19	0.6557177166081656	0.3442822833918344
14	19	0.6276371697764641	0.3723628302235359
15	19	0.4014409754295215	0.5985590245704785
16	19	0.3551080731572141	0.644891926842786
17	19	0.2102423884126515	0.7897576115873485
18	19	0.200738961758729	0.799261038241271
1	20	0.4891746102120742	0.5108253897879258
2	20	0.4780905933643686	0.5219094066356313
3	20	0.4252567797236385	0.5747432202763615
4	20	0.3445651370723417	0.6554348629276583
5	20	0.3617823099091111	0.6382176900908889
6	20	0.464420305918865	0.535579694081135
7	20	0.4361930096800414	0.5638069903199586
8	20	0.43146382915835363	0.5685361708416463
9	20	0.410404197147713	0.589595802852287
10	20	0.30096800413803293	0.6990319958619671
11	20	0.2278873863888273	0.7721126136111727
12	20	0.28729771669252935	0.7127022833074707
13	20	0.3217320623660681	0.6782679376339319
14	20	0.2481341904973029	0.7518658095026971
15	20	0.3389492352028375	0.6610507647971625
16	20	0.5075001847336141	0.49249981526638587
17	20	0.4820617033068539	0.5179382966931461
18	20	0.550727850439666	0.449272149560334
19	20	0.5408091631258083	0.4591908368741917
1	21	0.5239045296682184	0.47609547033178157
2	21	0.5106776028966231	0.4893223971033769
3	21	0.470996822581837	0.5290031774181629
4	21	0.43552796866917903	0.5644720313308209
5	21	0.4580654695928471	0.5419345304071529
6	21	0.5003325205054312	0.4996674794945688
7	21	0.4783122737013227	0.5216877262986773
8	21	0.4780905933643686	0.5219094066356313
9	21	0.45821325648414984	0.5417867435158501
10	21	0.28131234759476836	0.7186876524052317
11	21	0.3001551762358679	0.6998448237641322
12	21	0.3154511194857016	0.6845488805142984
13	21	0.3235793985073524	0.6764206014926476
14	21	0.2725929210079066	0.7274070789920934
15	21	0.378112761398064	0.6218872386019361
16	21	0.5403088746028227	0.45969112539717727
17	21	0.5324588952521707	0.4675411047478293
18	21	0.579250720461095	0.42074927953890495
19	21	0.57450581932385	0.42549418067614997
20	21	0.2405231655952117	0.7594768344047883
1	22	0.453262395625508	0.546737604374492
2	22	0.43826202615827975	0.5617379738417203
3	22	0.39540382768048477	0.6045961723195152
4	22	0.33407226778984705	0.6659277322101529
5	22	0.35047661272445135	0.6495233872755486
6	22	0.4268824355279687	0.5731175644720313
7	22	0.4070789920934013	0.5929210079065987
8	22	0.40944358235424516	0.5905564176457548
9	22	0.3920047291805217	0.6079952708194782
10	22	0.28027783935564915	0.7197221606443509
11	22	0.23823246878001922	0.7617675312199808
12	22	0.26838099460577847	0.7316190053942215
13	22	0.308948496268381	0.6910515037316189
14	22	0.2383063622256706	0.7616936377743294
15	22	0.3621517771373679	0.6378482228626321
16	22	0.5043966600162566	0.4956033399837434
17	22	0.48294845741732867	0.5170515425826714
18	22	0.5326978497007315	0.46730215029926847
19	22	0.5305375946794754	0.46946240532052463
20	22	0.15392004729180522	0.8460799527081948
21	22	0.22958693563880883	0.7704130643611912
1	23	0.8053646641542895	0.19463533584571047
2	23	0.7867435158501441	0.21325648414985587
3	23	0.7838616714697406	0.21613832853025938
4	23	0.6455331412103746	0.35446685878962536
5	23	0.6130200251237715	0.3869799748762285
6	23	0.7967191310130791	0.20328086898692088
7	23	0.7601418754156506	0.2398581245843494
8	23	0.7677529003177418	0.2322470996822582
9	23	0.7393039237419641	0.2606960762580359
10	23	0.6189315007758812	0.3810684992241188
11	23	0.6102120741890195	0.38978792581098054
12	23	0.6858050690903716	0.31419493090962836
13	23	0.6791546589817483	0.3208453410182517
14	23	0.6640803960688687	0.3359196039311313
15	23	0.46486366659277323	0.5351363334072268
16	23	0.38239858124584347	0.6176014187541565
17	23	0.23591354147422872	0.7640864585257713
18	23	0.21406931205202098	0.785930687947979
19	23	0.21684832809902088	0.7831516719009791
20	23	0.5596689573634819	0.4403310426365181
21	23	0.5993497376782679	0.40065026232173206
22	23	0.5679450232764354	0.43205497672356463
1	24	0.3904529668218429	0.6095470331781572
2	24	0.3625951378112761	0.6374048621887238
3	24	0.3256484149855908	0.6743515850144093
4	24	0.44055272297347225	0.5594472770265277
5	24	0.46131678120150743	0.5386832187984926
6	24	0.3625212443656248	0.6374787556343753
7	24	0.3408704647897731	0.6591295352102269
8	24	0.34205275992019507	0.657947240079805
9	24	0.360969482006946	0.639030517993054
10	24	0.39532993423483337	0.6046700657651667
11	24	0.3993201803000074	0.6006798196999926
12	24	0.32771743146382915	0.6722825685361709
13	24	0.3791472696371832	0.6208527303628169
14	24	0.3487770634744698	0.6512229365255302
15	24	0.5497672356461982	0.4502327643538018
16	24	0.6730215029926846	0.3269784970073154
17	24	0.6355440605948642	0.36445593940513576
18	24	0.6842533067316929	0.31574669326830707
19	24	0.6766303343801958	0.3233696656198042
20	24	0.3439739895071307	0.6560260104928692
21	24	0.37257075297421116	0.6274292470257888
22	24	0.3192196852139215	0.6807803147860785
23	24	0.7094509716988103	0.29054902830118967
1	25	0.40367989359343825	0.5963201064065617
2	25	0.4199364516367398	0.5800635483632601
3	25	0.3813640730067243	0.6186359269932757
4	25	0.3902312864848888	0.6097687135151112
5	25	0.41129091849552946	0.5887090815044705
6	25	0.3687282938003399	0.6312717061996601
7	25	0.38734944210448535	0.6126505578955146
8	25	0.36503362151777136	0.6349663784822286
9	25	0.3497376782679376	0.6502623217320624
10	25	0.33931870243109435	0.6606812975689056
11	25	0.3519544816374788	0.6480455183625212
12	25	0.2680115273775216	0.7319884726224783
13	25	0.34116603857237865	0.6588339614276213
14	25	0.28707603635557527	0.7129239636444247
15	25	0.4932387497228996	0.5067612502771004
16	25	0.6174536318628537	0.38254636813714626
17	25	0.5880288195085904	0.41197118049140957
18	25	0.6328234685583389	0.36717653144166107
19	25	0.6245335303898023	0.3754664696101977
20	25	0.32247099682258185	0.6775290031774182
21	25	0.3200325131160866	0.6799674868839134
22	25	0.27222345377964974	0.7277765462203503
23	25	0.6698440848296756	0.3301559151703244
24	25	0.2170250498780758	0.7829749501219242
1	26	0.3945171063326683	0.6054828936673318
2	26	0.39215251607182444	0.6078474839281756
3	26	0.34862927658316706	0.6513707234168329
4	26	0.3661420232025419	0.6338579767974581
5	26	0.3954777211261361	0.6045222788738639
6	26	0.35247173575703833	0.6475282642429616
7	26	0.37390083499593585	0.6260991650040642
8	26	0.3727924333111653	0.6272075666888347
9	26	0.35793985073523976	0.6420601492647602
10	26	0.33931870243109435	0.6606812975689056
11	26	0.34862927658316706	0.6513707234168329
12	26	0.27769156875785117	0.7223084312421488
13	26	0.345821325648415	0.6541786743515849
14	26	0.3053277174314638	0.6946722825685362
15	26	0.48570161826645974	0.5142983817335403
16	26	0.6089558856129461	0.3910441143870539
17	26	0.585442453353039	0.414557546646961
18	26	0.6194487548954408	0.3805512451045592
19	26	0.6245335303898023	0.3754664696101977
20	26	0.30074632380107885	0.6992536761989212
21	26	0.32143648858346263	0.6785635114165374
22	26	0.24185324761693638	0.7581467523830636
23	26	0.6706569127318407	0.3293430872681593
24	26	0.2102268528781497	0.7897731471218503
25	26	0.18288627798714255	0.8171137220128575
1	27	0.5086085864183847	0.4913914135816153
2	27	0.48850956920121186	0.5114904307987882
3	27	0.46456809281016775	0.5354319071898322
4	27	0.38321140914800855	0.6167885908519914
5	27	0.3839503436045223	0.6160496563954777
6	27	0.5030665779945319	0.4969334220054681
7	27	0.4679671913101308	0.5320328086898691
8	27	0.4757260031035247	0.5242739968964754
9	27	0.45296682184290255	0.5470331781570974
10	27	0.29623882361634524	0.7037611763836548
11	27	0.27717431463829156	0.7228256853617084
12	27	0.3448607108549472	0.6551392891450528
13	27	0.3778171876154585	0.6221828123845414
14	27	0.30776620113795905	0.692233798862041
15	27	0.31175644720313306	0.6882435527968669
16	27	0.43737530481046333	0.5626246951895366
17	27	0.4035839645298356	0.5964160354701644
18	27	0.45237567427769154	0.5476243257223085
19	27	0.44334010714945504	0.556659892850545
20	27	0.22936525530185473	0.7706347446981453
21	27	0.2597354614645681	0.7402645385354318
22	27	0.19219685213921525	0.8078031478607848
23	27	0.48547993792950567	0.5145200620704944
24	27	0.3758220645828715	0.6241779354171285
25	27	0.32062366068129755	0.6793763393187024
26	27	0.30931796349663787	0.6906820365033621
1	28	0.7661838604788649	0.2338161395211351
2	28	0.7574637895359149	0.24253621046408513
3	28	0.7511084835944428	0.24889151640555718
4	28	0.6182382500738989	0.3817617499261011
5	28	0.6005764114691102	0.3994235885308898
6	28	0.7571681939107301	0.2428318060892699
7	28	0.7364026012415016	0.2635973987584984
8	28	0.7425362104640851	0.25746378953591487
9	28	0.7019657109074786	0.2980342890925214
10	28	0.519804906887378	0.480195093112622
11	28	0.5302246526751404	0.4697753473248596
12	28	0.5938516109961572	0.40614838900384276
13	28	0.5968814661543009	0.40311853384569907
14	28	0.5702778598876737	0.42972214011232635
15	28	0.3890038427431274	0.6109961572568726
16	28	0.35900088678687553	0.6409991132131245
17	28	0.2834497284114843	0.7165502715885157
18	28	0.25310375406443986	0.7468962459355601
19	28	0.25115471307689463	0.7488452869231054
20	28	0.468740762636713	0.531259237363287
21	28	0.5116021282885014	0.4883978717114986
22	28	0.4982264262488915	0.5017735737511084
23	28	0.23078628436299142	0.7692137156370086
24	28	0.6694501921371564	0.3305498078628436
25	28	0.6219331953887083	0.3780668046112917
26	28	0.6258498374224062	0.3741501625775938
27	28	0.4131687851019805	0.5868312148980195
1	29	0.8044562687063519	0.1955437312936481
2	29	0.7841333185530059	0.21586668144699406
3	29	0.7831725972730296	0.21682740272697043
4	29	0.670916010789639	0.32908398921036097
5	29	0.6143812585448768	0.3856187414551232
6	29	0.7938144329896907	0.20618556701030932
7	29	0.7581938439936444	0.24180615600635558
8	29	0.7671359420611167	0.23286405793888332
9	29	0.73912722166796	0.26087277833204003
10	29	0.6516276835531907	0.3483723164468093
11	29	0.6505930606362931	0.3494069393637069
12	29	0.7102316816317481	0.2897683183682519
13	29	0.717917451871559	0.282082548128441
14	29	0.6912389609429849	0.30876103905701513
15	29	0.5246646713224697	0.47533532867753026
16	29	0.46606067324391237	0.5339393267560877
17	29	0.3339738378538172	0.6660261621461828
18	29	0.2753944499870672	0.7246055500129328
19	29	0.24196290000739043	0.7580370999926096
20	29	0.6047740457451133	0.3952259542548867
21	29	0.634778110335144	0.365221889664856
22	29	0.6231755533385065	0.3768244466614935
23	29	0.23386173003732033	0.7661382699626796
24	29	0.7304807301481728	0.26951926985182717
25	29	0.6840705021616229	0.3159294978383771
26	29	0.6903521412999298	0.30964785870007017
27	29	0.5355282119498946	0.46447178805010536
28	29	0.2799231366172721	0.7200768633827279
1	30	0.7631715066873568	0.23682849331264322
2	30	0.755634375230917	0.24436562476908297
3	30	0.7504618340353211	0.24953816596467893
4	30	0.617305844971551	0.38269415502844895
5	30	0.6002364590260844	0.39976354097391564
6	30	0.7503879405896697	0.24961205941033027
7	30	0.7437375304810463	0.2562624695189537
8	30	0.7475799896549176	0.25242001034508244
9	30	0.7067169142097096	0.2932830857902904
10	30	0.5620335476243257	0.43796645237567433
11	30	0.5737826054828936	0.4262173945171064
12	30	0.6326756816670361	0.36732431833296386
13	30	0.6328973620039903	0.36710263799600973
14	30	0.5983891228848002	0.4016108771151998
15	30	0.4409221902017291	0.5590778097982709
16	30	0.3889750979088155	0.6110249020911844
17	30	0.3020506188804729	0.6979493811195271
18	30	0.25943988768196263	0.7405601123180374
19	30	0.2724182523554406	0.7275817476445594
20	30	0.5107514963422745	0.48924850365772554
21	30	0.5482893667331707	0.45171063326682925
22	30	0.5112687504618341	0.48873124953816593
23	30	0.24177935417128502	0.758220645828715
24	30	0.6714697406340058	0.3285302593659942
25	30	0.6130200251237715	0.3869799748762285
26	30	0.6085864183846893	0.3914135816153107
27	30	0.4172762875932905	0.5827237124067095
28	30	0.12326337570203962	0.8767366242979604
29	30	0.29682592469423197	0.703174075305768
1	31	0.6574299859602454	0.3425700140397546
2	31	0.6464937560038425	0.3535062439961575
3	31	0.6361486736126506	0.3638513263873494
4	31	0.510455922559669	0.489544077440331
5	31	0.5049139141358161	0.4950860858641839
6	31	0.6431685509495307	0.35683144905046926
7	31	0.6196704352323948	0.38032956476760515
8	31	0.6267642060149264	0.37323579398507356
9	31	0.5896696962979384	0.4103303037020616
10	31	0.3982117786152368	0.6017882213847632
11	31	0.4046405083869061	0.595359491613094
12	31	0.47683440478829525	0.5231655952117047
13	31	0.4700362077883692	0.5299637922116308
14	31	0.43574964900613317	0.5642503509938668
15	31	0.3000073893445651	0.6999926106554348
16	31	0.3382103007463238	0.6617896992536763
17	31	0.2730833179382967	0.7269166820617032
18	31	0.2703022241927141	0.7296977758072859
19	31	0.2949565859966747	0.7050434140033253
20	31	0.35298898987659794	0.6470110101234021
21	31	0.37131456439813787	0.6286854356018621
22	31	0.3651814084090741	0.6348185915909259
23	31	0.28633710189906153	0.7136628981009385
24	31	0.5568610064287298	0.4431389935712702
25	31	0.4939776841794133	0.5060223158205868
26	31	0.49515997930983524	0.5048400206901648
27	31	0.27318406857311756	0.7268159314268825
28	31	0.20314809340821754	0.7968519065917825
29	31	0.3657761519417655	0.6342238480582345
30	31	0.22714845193231362	0.7728515480676864
1	32	0.6731692898839873	0.3268307101160127
2	32	0.666518879775364	0.33348112022463605
3	32	0.6301633045148896	0.36983669548511044
4	32	0.550136702874455	0.44986329712554496
5	32	0.5663932609177565	0.43360673908224345
6	32	0.6471587970147048	0.3528412029852952
7	32	0.6402867065691273	0.35971329343087266
8	32	0.6328973620039903	0.36710263799600973
9	32	0.6031183034064879	0.39688169659351213
10	32	0.3854282125175497	0.6145717874824503
11	32	0.4190497302889234	0.5809502697110767
12	32	0.4752826424296165	0.5247173575703835
13	32	0.45621813345156287	0.5437818665484371
14	32	0.4163156727998227	0.5836843272001773
15	32	0.37892558930022907	0.621074410699771
16	32	0.47084903569053427	0.5291509643094657
17	32	0.4438573803805653	0.5561426196194347
18	32	0.4491982561146826	0.5508017438853174
19	32	0.4802142989100314	0.5197857010899686
20	32	0.35091997339835956	0.6490800266016404
21	32	0.2697849700731545	0.7302150299268455
22	32	0.3866105076479716	0.6133894923520284
23	32	0.4460947313973251	0.5539052686026749
24	32	0.5317372349072638	0.46826276509273623
25	32	0.4936082169511564	0.5063917830488436
26	32	0.4958989137663489	0.504101086233651
27	32	0.3147860784748393	0.6852139215251607
28	32	0.3171741058232338	0.6828258941767662
29	32	0.48217123009274654	0.5178287699072535
30	32	0.3631862853764871	0.6368137146235129
31	32	0.26062218281238453	0.7393778171876155
1	33	0.6606074041232542	0.33939259587674575
2	33	0.6513707234168329	0.3486292765831671
3	33	0.6159757629498264	0.38402423705017363
4	33	0.5382398581245843	0.4617601418754157
5	33	0.5424517845267125	0.4575482154732875
6	33	0.6415428951452006	0.3584571048547994
7	33	0.623882361634523	0.37611763836547696
8	33	0.6229217468410552	0.37707825315894483
9	33	0.5958767457326535	0.4041232542673465
10	33	0.3872016552131826	0.6127983447868174
11	33	0.4163156727998227	0.5836843272001773
12	33	0.47646493756003844	0.5235350624399615
13	33	0.45695706790807655	0.5430429320919234
14	33	0.4245178452671248	0.5754821547328752
15	33	0.3702800561590187	0.6297199438409813
16	33	0.4548141579841868	0.5451858420158132
17	33	0.42117125438758546	0.5788287456124146
18	33	0.4180152220498042	0.5819847779501959
19	33	0.45058193238499905	0.5494180676150009
20	33	0.3758959580285229	0.6241040419714772
21	33	0.29313529889898765	0.7068647011010123
22	33	0.38594546663710927	0.6140545333628907
23	33	0.4292470257888125	0.5707529742111874
24	33	0.5609990393852066	0.43900096061479343
25	33	0.5116382176900909	0.4883617823099091
26	33	0.509864774994458	0.49013522500554196
27	33	0.3013374713662898	0.6986625286337103
28	33	0.3414129470883831	0.6585870529116169
29	33	0.46709529616080997	0.5329047038391901
30	33	0.3788516958545777	0.6211483041454223
31	33	0.2357200916278726	0.7642799083721274
32	33	0.15362447350919972	0.8463755264908003
1	34	0.6491539200472918	0.3508460799527082
2	34	0.6411734279169438	0.35882657208305624
3	34	0.6029705165151851	0.3970294834848149
4	34	0.5266385871573191	0.47336141284268085
5	34	0.5336584644941994	0.4663415355058006
6	34	0.6299416241779354	0.3700583758220646
7	34	0.6174536318628537	0.38254636813714626
8	34	0.6148673612650558	0.3851326387349442
9	34	0.5816892041675903	0.4183107958324097
10	34	0.3733096874307249	0.6266903125692751
11	34	0.4033104263651814	0.5966895736348186
12	34	0.45946944506022314	0.5405305549397769
13	34	0.4444690755929949	0.555530924407005
14	34	0.4074484593216582	0.5925515406783418
15	34	0.37611763836547696	0.623882361634523
16	34	0.4737308800709377	0.5262691199290623
17	34	0.4523554406059486	0.5476445593940513
18	34	0.4438040345821326	0.5561959654178674
19	34	0.47223351191575835	0.5277664880842416
20	34	0.35217616197443286	0.6478238380255672
21	34	0.27148451932313605	0.7285154806768639
22	34	0.37042784305032145	0.6295721569496786
23	34	0.4565876006798197	0.5434123993201803
24	34	0.5403088746028227	0.45969112539717727
25	34	0.4882139954186064	0.5117860045813936
26	34	0.4858494051577625	0.5141505948422376
27	34	0.27850439666001625	0.7214956033399837
28	34	0.35338456990836536	0.6466154300916347
29	34	0.4849055906588331	0.5150944093411669
30	34	0.3883839503436045	0.6116160496563955
31	34	0.24621296091036726	0.7537870390896327
32	34	0.12635779206384393	0.8736422079361561
33	34	0.0971698810315525	0.9028301189684476
1	35	0.6847705608512525	0.31522943914874746
2	35	0.6737604374491982	0.3262395625508018
3	35	0.641616788590852	0.358383211409148
4	35	0.5562698588635188	0.44373014113648124
5	35	0.5477721126136111	0.45222788738638886
6	35	0.6677011749057858	0.33229882509421416
7	35	0.6416906820365034	0.35830931796349663
8	35	0.6459765018842829	0.3540234981157171
9	35	0.6100642872977167	0.38993571270228333
10	35	0.4053055493977684	0.5946944506022316
11	35	0.4414394443212887	0.5585605556787113
12	35	0.4976723564619818	0.5023276435380182
13	35	0.481563585309983	0.518436414690017
14	35	0.4491982561146826	0.5508017438853174
15	35	0.3589004655287076	0.6410995344712924
16	35	0.4367841572452523	0.5632158427547477
17	35	0.3706262700905228	0.6293737299094773
18	35	0.36643759698514744	0.6335624030148526
19	35	0.39826343986698687	0.6017365601330131
20	35	0.3843937042784305	0.6156062957215696
21	35	0.3387275548658834	0.6612724451341165
22	35	0.40138919677824575	0.5986108032217543
23	35	0.3746397694524496	0.6253602305475504
24	35	0.5859750240153698	0.4140249759846302
25	35	0.5363925219833001	0.4636074780166999
26	35	0.5283381364073007	0.47166186359269935
27	35	0.31279095544225227	0.6872090445577477
28	35	0.27712089861070055	0.72287910138929945
29	35	0.40871300299301627	0.5912869970069837
30	35	0.311534766866179	0.688465233133821
31	35	0.18584201581319737	0.8141579841868026
32	35	0.2037242296608291	0.796275770339171
33	35	0.14379664523756744	0.8562033547624326
34	35	0.15007758811793395	0.8499224118820661
1	36	0.6733170767752901	0.32668292322470993
2	36	0.6677750683514372	0.3322249316485628
3	36	0.6562476908298234	0.34375230917017663
4	36	0.5357274809724377	0.4642725190275623
5	36	0.5266385871573191	0.47336141284268085
6	36	0.6564693711667775	0.3435306288332225
7	36	0.640803960688687	0.35919603931131305
8	36	0.6453114608734205	0.3546885391265795
9	36	0.6052612133303776	0.39473878666962237
10	36	0.4056011231803739	0.5943988768196261
11	36	0.43523239488657356	0.5647676051134265
12	36	0.49338653661420234	0.5066134633857977
13	36	0.46929727333185545	0.5307027266681446
14	36	0.44712923963644424	0.5528707603635558
15	36	0.3200325131160866	0.6799674868839134
16	36	0.39074854060444836	0.6092514593955516
17	36	0.3466100129318308	0.6533899870681692
18	36	0.35926993275696445	0.6407300672430356
19	36	0.38318861998891557	0.6168113800110844
20	36	0.3758959580285229	0.6241040419714772
21	36	0.32195374270302224	0.6780462572969778
22	36	0.40796571344121774	0.5920342865587822
23	36	0.3591960393113131	0.6408039606886868
24	36	0.5837582206458287	0.4162417793541713
25	36	0.5288553905268603	0.47114460947313974
26	36	0.5275253085051356	0.47247469149486443
27	36	0.3207714475726003	0.6792285524273998
28	36	0.24017144546260716	0.7598285545373928
29	36	0.4016923474854968	0.5983076525145032
30	36	0.28862779871425404	0.711372201285746
31	36	0.17350181038941845	0.8264981896105815
32	36	0.15960984260696076	0.8403901573930392
33	36	0.16618635926993275	0.8338136407300673
34	36	0.16433902312864848	0.8356609768713515
35	36	0.12155471809650484	0.8784452819034951
1	37	0.6824059705904086	0.31759402940959136
2	37	0.6750166260252716	0.32498337397472843
3	37	0.6497450676125027	0.3502549323874973
4	37	0.5590039163526195	0.4409960836473805
5	37	0.5545703096135373	0.44542969038646274
6	37	0.6668883470036208	0.33311165299637924
7	37	0.6449419936451637	0.3550580063548363
8	37	0.6459765018842829	0.3540234981157171
9	37	0.6107293283085791	0.38927067169142093
10	37	0.4198625581910885	0.5801374418089116
11	37	0.4540752235276731	0.545924776472327
12	37	0.5042488731249538	0.4957511268750462
13	37	0.4846671100273406	0.5153328899726595
14	37	0.4621296091036725	0.5378703908963275
15	37	0.3740486218872386	0.6259513781127615
16	37	0.4510455922559669	0.5489544077440331
17	37	0.40158876778126734	0.5984112322187327
18	37	0.3874233355501367	0.6125766644498634
19	37	0.4182154073526695	0.5817845926473305
20	37	0.4016847705608513	0.5983152294391487
21	37	0.32468780019212296	0.675312199807877
22	37	0.4154289514520062	0.5845710485479938
23	37	0.3942215325500628	0.6057784674499371
24	37	0.5952855981674425	0.40471440183255747
25	37	0.538165964678933	0.46183403532106704
26	37	0.5302593659942363	0.4697406340057637
27	37	0.3250572674203798	0.6749427325796202
28	37	0.29049660065031035	0.7095033993496896
29	37	0.42681890403872447	0.5731810959612755
30	37	0.32867804625729696	0.6713219537427031
31	37	0.20483263134559965	0.7951673686544003
32	37	0.1713589004655287	0.8286410995344713
33	37	0.11682553757481712	0.8831744624251829
34	37	0.12118525086824798	0.8788147491317521
35	37	0.09790881548806621	0.9020911845119338
36	37	0.11734279169437671	0.8826572083056233
1	38	0.8324835587083426	0.16751644129165744
2	38	0.8305623291214069	0.16943767087859307
3	38	0.8171876154585088	0.18281238454149118
4	38	0.7105593733835809	0.2894406266164191
5	38	0.6807803147860785	0.3192196852139215
6	38	0.8237641321214808	0.1762358678785192
7	38	0.814231877632454	0.18576812236754603
8	38	0.8098721643390231	0.1901278356609769
9	38	0.7716692529372645	0.22833074706273548
10	38	0.5862705977979753	0.4137294022020247
11	38	0.6173797384172024	0.3826202615827976
12	38	0.6728737161013818	0.3271262838986182
13	38	0.6491539200472918	0.3508460799527082
14	38	0.6289071159388162	0.3710928840611838
15	38	0.464420305918865	0.535579694081135
16	38	0.44409960836473805	0.555900391635262
17	38	0.3729909477184556	0.6270090522815444
18	38	0.35491021946353357	0.6450897805364664
19	38	0.3792721226676519	0.6207278773323481
20	38	0.5587822360156655	0.44121776398433454
21	38	0.5700879332003251	0.42991206679967486
22	38	0.6048178526564694	0.39518214734353063
23	38	0.3120520209857386	0.6879479790142614
24	38	0.7588856868395774	0.24111431316042264
25	38	0.715584127687874	0.28441587231212595
26	38	0.7243774477203871	0.27562255227961285
27	38	0.5273036281681814	0.47269637183181856
28	38	0.23219036358261896	0.767809636417381
29	38	0.3243173336289399	0.6756826663710601
30	38	0.2925441513337767	0.7074558486662232
31	38	0.32380107884430653	0.6761989211556935
32	38	0.36961501514815637	0.6303849848518437
33	38	0.3977684179413286	0.6022315820586714
34	38	0.416389566245474	0.583610433754526
35	38	0.33621517771373677	0.6637848222862632
36	38	0.30148525825759254	0.6985147417424075
37	38	0.35225005542008425	0.6477499445799157
1	39	0.8227773261399749	0.1772226738600251
2	39	0.805188086615919	0.194811913384081
3	39	0.8020841031704974	0.1979158968295026
4	39	0.6990614145295987	0.3009385854704013
5	39	0.664991500997709	0.335008499002291
6	39	0.8212992387850122	0.1787007612149878
7	39	0.7921809178922474	0.20781908210775257
8	39	0.7892986475500702	0.21070135244992982
9	39	0.7677924765353632	0.2322075234646368
10	39	0.6777769566181361	0.3222230433818639
11	39	0.6732687901855	0.3267312098145
12	39	0.7306185795580519	0.2693814204419481
13	39	0.7444386963269529	0.2555613036730471
14	39	0.7162072278471657	0.28379277215283427
15	39	0.5638164215505136	0.4361835784494864
16	39	0.4841475131180253	0.5158524868819747
17	39	0.375041572743062	0.624958427256938
18	39	0.3353780208410317	0.6646219791589683
19	39	0.34163556409593143	0.6583644359040686
20	39	0.6285566476978789	0.3714433523021211
21	39	0.6516887148030449	0.3483112851969551
22	39	0.6377207892986475	0.3622792107013525
23	39	0.3093636833936886	0.6906363166063114
24	39	0.7557460645924174	0.24425393540758256
25	39	0.7051215726849457	0.2948784273150543
26	39	0.7072647993496416	0.2927352006503584
27	39	0.5439361466262657	0.45606385337373434
28	39	0.2883961566888396	0.7116038433111604
29	39	0.31046971432795	0.68953028567205
30	39	0.29842583696696473	0.7015741630330352
31	39	0.3700391693149065	0.6299608306850935
32	39	0.4772744069174488	0.5227255930825512
33	39	0.4314536989136058	0.5685463010863943
34	39	0.4540684354445348	0.5459315645554652
35	39	0.3556278176040204	0.6443721823959796
36	39	0.3882935481486956	0.6117064518513045
37	39	0.37905550218017886	0.6209444978198211
38	39	0.24957504988544824	0.7504249501145518
1	40	0.8330747062735535	0.1669252937264465
2	40	0.8157097465454815	0.18429025345451855
3	40	0.8145274514150594	0.18547254858494056
4	40	0.685066134633858	0.314933865366142
5	40	0.6548437153624473	0.34515628463755266
6	40	0.821399541860637	0.17860045813936298
7	40	0.7913988029261805	0.20860119707381952
8	40	0.7967191310130791	0.20328086898692088
9	40	0.7706347446981453	0.2293652553018547
10	40	0.6660755191014557	0.3339244808985443
11	40	0.6560999039385207	0.3439000960614793
12	40	0.7254119559595064	0.27458804404049364
13	40	0.7292544151333776	0.27074558486662237
14	40	0.7045001108401685	0.2954998891598315
15	40	0.5129682997118156	0.48703170028818443
16	40	0.4455035838321141	0.5544964161678859
17	40	0.35872898577498613	0.6412710142250139
18	40	0.3376930466267642	0.6623069533732358
19	40	0.3450581932384999	0.6549418067615
20	40	0.6036355575260475	0.3963644424739525
21	40	0.6411734279169438	0.35882657208305624
22	40	0.6333407226778984	0.3666592773221016
23	40	0.27148451932313605	0.7285154806768639
24	40	0.7489100716766423	0.25108992832335775
25	40	0.7100421192640213	0.2899578807359787
26	40	0.7142540456661494	0.28574595433385064
27	40	0.5476982191679598	0.4523017808320402
28	40	0.25982855453739284	0.7401714454626072
29	40	0.29970808853416103	0.700291911465839
30	40	0.27931722456218133	0.7206827754378187
31	40	0.3677676790068721	0.632232320993128
32	40	0.4452080100495086	0.5547919899504914
33	40	0.4602822729623882	0.5397177270376118
34	40	0.48525825759255153	0.5147417424074485
35	40	0.3965122293652553	0.6034877706347447
36	40	0.3705017364959728	0.6294982635040272
37	40	0.4137294022020247	0.5862705977979753
38	40	0.17143279391118008	0.82856720608882
39	40	0.17537506466632177	0.8246249353336782
1	41	0.8216819391073013	0.17831806089269875
2	41	0.8151788353532368	0.18482116464676324
3	41	0.8020987289388117	0.19790127106118827
4	41	0.6940585279337865	0.30594147206621347
5	41	0.6649423588530889	0.33505764114691106
6	41	0.818060892698788	0.181939107301212
7	41	0.797073603310671	0.202926396689329
8	41	0.7907921962754951	0.20920780372450487
9	41	0.7616760271947975	0.23832397280520246
10	41	0.6288057936742536	0.3711942063257464
11	41	0.635678391959799	0.364321608040201
12	41	0.6870381318356489	0.3129618681643511
13	41	0.6991575524682234	0.3008424475317766
14	41	0.6721105527638191	0.32788944723618085
15	41	0.5298551581436595	0.47014484185634053
16	41	0.4776086313922554	0.5223913686077446
17	41	0.4147729372205594	0.5852270627794406
18	41	0.3677209577298256	0.6322790422701744
19	41	0.40139674093781175	0.5986032590621883
20	41	0.5936299142772687	0.40637008572273126
21	41	0.6147650014779781	0.3852349985220219
22	41	0.6058971327224357	0.3941028672775643
23	41	0.3386786875554242	0.6613213124445758
24	41	0.7584244753177652	0.24157552468223475
25	41	0.7100206916937629	0.2899793083062371
26	41	0.7121637599763524	0.2878362400236476
27	41	0.5211350872007094	0.47886491279929055
28	41	0.2827581110043604	0.7172418889956396
29	41	0.3424485421824766	0.6575514578175234
30	41	0.3010641442506651	0.6989358557493349
31	41	0.35574933490984334	0.6442506650901567
32	41	0.4469405852793379	0.5530594147206621
33	41	0.41375997635235	0.5862400236476499
34	41	0.43186520839491577	0.5681347916050843
35	41	0.34237363287023354	0.6576263671297664
36	41	0.35937038131835647	0.6406296186816436
37	41	0.3675731599172332	0.6324268400827668
38	41	0.1832692876145433	0.8167307123854567
39	41	0.19201773835920177	0.8079822616407982
40	41	0.19804906887378068	0.8019509311262193
1	42	0.8235424517845267	0.17645754821547333
2	42	0.8197738860563069	0.18022611394369314
3	42	0.8079509347520875	0.19204906524791254
4	42	0.6965935121554718	0.30340648784452817
5	42	0.6625286337101899	0.3374713662898101
6	42	0.814231877632454	0.18576812236754603
7	42	0.803665114904308	0.19633488509569197
8	42	0.7981231064804551	0.20187689351954485
9	42	0.7611763836547698	0.2388236163452302
10	42	0.6089558856129461	0.3910441143870539
11	42	0.6130200251237715	0.3869799748762285
12	42	0.6649671174166851	0.3350328825833149
13	42	0.6671100273405749	0.3328899726594251
14	42	0.6479716249168699	0.3520283750831301
15	42	0.4755043227665706	0.5244956772334294
16	42	0.438114239266977	0.561885760733023
17	42	0.3710696471457602	0.6289303528542398
18	42	0.3408704647897731	0.6591295352102269
19	42	0.3700351006835396	0.6299648993164604
20	42	0.5480676863962166	0.4519323136037834
21	42	0.5926993275696446	0.4073006724303554
22	42	0.5832409665262691	0.4167590334737309
23	42	0.29313529889898765	0.7068647011010123
24	42	0.7403384319810833	0.2596615680189167
25	42	0.6937855612207198	0.30621443877928023
26	42	0.7005837582206458	0.2994162417793542
27	42	0.502475430429321	0.49752456957067903
28	42	0.21149866981968668	0.7885013301803133
29	42	0.3436056608653882	0.6563943391346119
30	42	0.24591738712776176	0.7540826128722382
31	42	0.31175644720313306	0.6882435527968669
32	42	0.3902312864848888	0.6097687135151112
33	42	0.40973915613685064	0.5902608438631494
34	42	0.4285819847779502	0.5714180152220498
35	42	0.34463903051799305	0.655360969482007
36	42	0.31279095544225227	0.6872090445577477
37	42	0.3611911623439001	0.6388088376560999
38	42	0.1385502105963201	0.8614497894036799
39	42	0.22001330278619466	0.7799866972138053
40	42	0.1544373014113648	0.8455626985886352
41	42	0.15496600650310374	0.8450339934968962
1	43	0.7976058523608955	0.20239414763910446
2	43	0.7815709746545482	0.21842902534545183
3	43	0.7764723269046035	0.22352767309539645
4	43	0.6618635926993276	0.3381364073006724
5	43	0.6089558856129461	0.3910441143870539
6	43	0.7946501145348408	0.2053498854651592
7	43	0.7614719574373753	0.23852804256262472
8	43	0.7622847853395404	0.23771521466045964
9	43	0.7395994975245695	0.26040050247543045
10	43	0.6246951895366881	0.3753048104633119
11	43	0.6225522796127984	0.37744772038720165
12	43	0.675312199807877	0.32468780019212296
13	43	0.6886130200251238	0.3113869799748762
14	43	0.6620852730362817	0.33791472696371827
15	43	0.5001108401684771	0.49988915983152293
16	43	0.4242222714845193	0.5757777285154807
17	43	0.3357472750785147	0.6642527249214853
18	43	0.296386610507648	0.703613389492352
19	43	0.32717531867725846	0.6728246813227415
20	43	0.5765166629719943	0.42348333702800567
21	43	0.5996453114608734	0.4003546885391266
22	43	0.5873789994827459	0.41262100051725414
23	43	0.27584423261656693	0.7241557673834331
24	43	0.735091997339836	0.264908002660164
25	43	0.6894258479272889	0.3105741520727111
26	43	0.6883913396881697	0.3116086603118303
27	43	0.4948644055272297	0.5051355944727702
28	43	0.24733963937333728	0.75266036062666275
29	43	0.2536673687322174	0.7463326312677826
30	43	0.2693416093992463	0.7306583906007538
31	43	0.32542673464863664	0.6745732653513634
32	43	0.42496120594103304	0.575038794058967
33	43	0.3914874750609621	0.608512524939038
34	43	0.4046405083869061	0.595359491613094
35	43	0.31537722604005025	0.6846227739599497
36	43	0.33303775955072784	0.6669622404492721
37	43	0.34109214512672725	0.6589078548732727
38	43	0.22737013226926772	0.7726298677307323
39	43	0.1566772596260439	0.843322740373956
40	43	0.2021724673021503	0.7978275326978497
41	43	0.19258054980786285	0.8074194501921371
42	43	0.22330599275844232	0.7766940072415577
1	44	0.7646493756003843	0.23535062439961574
2	44	0.7575556048178527	0.24244439518214733
3	44	0.746471587970147	0.253528412029853
4	44	0.6325278947757333	0.36747210522426665
5	44	0.6158279760585236	0.3841720239414764
6	44	0.7625803591221458	0.23741964087785417
7	44	0.7404123254267346	0.25958767457326537
8	44	0.7404123254267346	0.25958767457326537
9	44	0.7035394960467006	0.29646050395329937
10	44	0.5420823172984556	0.4579176827015444
11	44	0.5548658833961427	0.44513411660385727
12	44	0.5977979753195891	0.4022020246804109
13	44	0.6155324022759181	0.3844675977240819
14	44	0.5856794502327644	0.41432054976723565
15	44	0.4449863297125545	0.5550136702874455
16	44	0.4399615754082613	0.5600384245917387
17	44	0.37919822649177903	0.620801773508221
18	44	0.3288997265942511	0.671100273405749
19	44	0.3467578052835766	0.6532421947164234
20	44	0.4980418236902387	0.5019581763097614
21	44	0.5145939555161457	0.48540604448385427
22	44	0.5179930540161087	0.48200694598389127
23	44	0.32816079213773736	0.6718392078622626
24	44	0.693637774329417	0.306362225670583
25	44	0.6328973620039903	0.36710263799600973
26	44	0.6343013374713663	0.3656986625286337
27	44	0.4239266977019138	0.5760733022980862
28	44	0.17972214011232635	0.8202778598876737
29	44	0.33207700550567193	0.6679229944943281
30	44	0.20534988546515925	0.7946501145348408
31	44	0.2430355427473583	0.7569644572526417
32	44	0.33880144831153475	0.6611985516884653
33	44	0.29394812680115273	0.7060518731988472
34	44	0.3102785782901057	0.6897214217098944
35	44	0.21436488583462646	0.7856351141653736
36	44	0.244365624769083	0.755634375230917
37	44	0.23660681297568906	0.7633931870243109
38	44	0.2390452966821843	0.7609547033178157
39	44	0.21543123198581035	0.7845687680141896
40	44	0.25530185472548583	0.7446981452745142
41	44	0.19642329293526456	0.8035767070647355
42	44	0.200916278726077	0.799083721273923
43	44	0.21133525456292027	0.7886647454370798
1	45	0.7862262617305845	0.21377373826941548
2	45	0.7806103598610803	0.2193896401389197
3	45	0.7687135151112097	0.23128648488879033
4	45	0.6637848222862632	0.33621517771373677
5	45	0.6410256410256411	0.3589743589743589
6	45	0.7806842533067317	0.21931574669326825
7	45	0.7655360969482007	0.23446390305179932
8	45	0.7580728589374123	0.24192714106258772
9	45	0.7227517919160571	0.2772482080839429
10	45	0.5433385058745289	0.4566614941254711
11	45	0.5701618266459765	0.4298381733540235
12	45	0.6182664597650188	0.3817335402349812
13	45	0.6093992462868544	0.3906007537131456
14	45	0.5885612946131679	0.41143870538683214
15	45	0.44897657577772854	0.5510234242222715
16	45	0.45570087933200326	0.5442991206679968
17	45	0.4030666912987253	0.5969333087012747
18	45	0.3521022685287815	0.6478977314712184
19	45	0.376316275632736	0.6236837243672639
20	45	0.5248651444616862	0.4751348555383138
21	45	0.520431537722604	0.479568462277396
22	45	0.5431168255375748	0.4568831744624252
23	45	0.34419566984408484	0.6558043301559151
24	45	0.7169881031552501	0.2830118968447499
25	45	0.6671839207862262	0.33281607921377376
26	45	0.6616419123623735	0.33835808763762654
27	45	0.4589521909406636	0.5410478090593365
28	45	0.21172036653857523	0.7882796334614248
29	45	0.3470790378006873	0.6529209621993127
30	45	0.24377447720387202	0.756225522796128
31	45	0.2627650927362743	0.7372349072637256
32	45	0.345230178083204	0.654769821916796
33	45	0.3173723490726373	0.6826276509273628
34	45	0.32912140693120523	0.6708785930687948
35	45	0.24200103450823912	0.7579989654917609
36	45	0.2547846006059263	0.7452153993940738
37	45	0.2556713219537427	0.7443286780462572
38	45	0.1953003768565728	0.8046996231434271
39	45	0.26088241815091273	0.7391175818490873
40	45	0.27946501145348407	0.720534988546516
41	45	0.16294708838309194	0.8370529116169081
42	45	0.1882804995196926	0.8117195004803074
43	45	0.23815857533436785	0.7618414246656322
44	45	0.12421488213995419	0.8757851178600458
1	46	0.7181703982856721	0.2818296017143279
2	46	0.7098204389270671	0.29017956107293286
3	46	0.6812236754599867	0.31877632454001326
4	46	0.5980935491021946	0.4019064508978054
5	46	0.5915170324392226	0.4084829675607774
6	46	0.7043523239488657	0.2956476760511343
7	46	0.6903125692751053	0.3096874307248947
8	46	0.6861745363186286	0.31382546368137143
9	46	0.6539569940146309	0.3460430059853691
10	46	0.4474248134190497	0.5525751865809503
11	46	0.47639104411438704	0.523608955885613
12	46	0.5370575629941624	0.4629424370058376
13	46	0.5245695706790807	0.4754304293209193
14	46	0.492130348038129	0.5078696519618711
15	46	0.3990246065174019	0.6009753934825981
16	46	0.45873051060370945	0.5412694893962906
17	46	0.404027341585073	0.595972658414927
18	46	0.3812162861154216	0.6187837138845784
19	46	0.4139294291520414	0.5860705708479585
20	46	0.4330894849626838	0.5669105150373162
21	46	0.38372866326756816	0.6162713367324318
22	46	0.44579915761471955	0.5542008423852804
23	46	0.3719057119633489	0.6280942880366511
24	46	0.6143501071454962	0.3856498928545038
25	46	0.5665410478090593	0.43345895219094066
26	46	0.560481785265647	0.43951821473435304
27	46	0.35853099830045077	0.6414690016995492
28	46	0.2621933195388708	0.7378066804611292
29	46	0.406052544063851	0.5939474559361491
30	46	0.30333259439887683	0.6966674056011232
31	46	0.21916795980196557	0.7808320401980344
32	46	0.21584275474765388	0.7841572452523461
33	46	0.1964087785413434	0.8035912214586566
34	46	0.19744328678046258	0.8025567132195375
35	46	0.13219537427030223	0.8678046257296977
36	46	0.1708416463459691	0.8291583536540309
37	46	0.16160496563954777	0.8383950343604523
38	46	0.2885539052686027	0.7114460947313973
39	46	0.3120242406326214	0.6879757593673785
40	46	0.35128944062661643	0.6487105593733835
41	46	0.2914572864321608	0.7085427135678393
42	46	0.29586935638808837	0.7041306436119117
43	46	0.26793763393187026	0.7320623660681298
44	46	0.19116234390009607	0.808837656099904
45	46	0.2003990246065174	0.7996009753934826
